,Site.Code,Site,Sampling.Time,Plot.ID,Unique.ID,variable,PercBare,PercMacroalgae,PercSeagrass,,TOTAL,Est.PercMacro,Est.PercSeagrass,NOTES
1,BB,BB.A,1,1,BB.A.1.1,Percent.Cover,0,45,82,,127,35,65,
2,BB,BB.A,1,2,BB.A.1.2,Percent.Cover,1,10,90,,101,10,89,
3,BB,BB.A,1,3,BB.A.1.3,Percent.Cover,7,2,85,,94,2,90,
4,BB,BB.A,1,4,BB.A.1.4,Percent.Cover,0,1,100,,101,1,99,
5,BB,BB.A,1,5,BB.A.1.5,Percent.Cover,0,15,65,,80,19,81,
6,BB,BB.A,1,6,BB.A.1.6,Percent.Cover,0,5,55,,60,8,92,
7,BB,BB.A,1,7,BB.A.1.7,Percent.Cover,0,10,90,,100,10,90,
8,BB,BB.A,1,8,BB.A.1.8,Percent.Cover,0,5,90,,95,5,95,
9,BB,BB.A,1,9,BB.A.1.9,Percent.Cover,0,5,100,,105,5,95,
10,BB,BB.A,1,10,BB.A.1.10,Percent.Cover,0,45,82,,127,35,65,
11,BB,BB.A,1,11,BB.A.1.11,Percent.Cover,0,60,60,,120,50,50,
12,BB,BB.A,1,12,BB.A.1.12,Percent.Cover,5,60,50,,115,52,43,
13,BB,BB.A,1,13,BB.A.1.13,Percent.Cover,0,5,100,,105,5,95,
14,BB,BB.A,1,14,BB.A.1.14,Percent.Cover,0,5,95,,100,5,95,
15,BB,BB.A,1,15,BB.A.1.15,Percent.Cover,0,5,100,,105,5,95,
16,BB,BB.A,1,16,BB.A.1.16,Percent.Cover,0,50,40,,90,56,44,
17,BB,BB.A,1,17,BB.A.1.17,Percent.Cover,0,13,100,,113,12,88,
18,BB,BB.A,1,18,BB.A.1.18,Percent.Cover,0,7,100,,107,7,93,
19,BB,BB.A,1,19,BB.A.1.19,Percent.Cover,7,3,90,,100,3,90,
20,BB,BB.A,1,20,BB.A.1.20,Percent.Cover,5,5,90,,100,5,90,
21,BB,BB.B,1,1,BB.B.1.1,Percent.Cover,0,0,100,,100,0,100,
22,BB,BB.B,1,2,BB.B.1.2,Percent.Cover,10,0,90,,100,0,90,
23,BB,BB.B,1,3,BB.B.1.3,Percent.Cover,0,0,100,,100,0,100,
24,BB,BB.B,1,4,BB.B.1.4,Percent.Cover,0,0,100,,100,0,100,
25,BB,BB.B,1,5,BB.B.1.5,Percent.Cover,0,0,100,,100,0,100,
26,BB,BB.B,1,6,BB.B.1.6,Percent.Cover,0,0,100,,100,0,100,
27,BB,BB.B,1,7,BB.B.1.7,Percent.Cover,0,0,100,,100,0,100,
28,BB,BB.B,1,8,BB.B.1.8,Percent.Cover,0,0,100,,100,0,100,
29,BB,BB.B,1,9,BB.B.1.9,Percent.Cover,0,0,100,,100,0,100,
30,BB,BB.B,1,10,BB.B.1.10,Percent.Cover,0,0,100,,100,0,100,
31,BB,BB.B,1,11,BB.B.1.11,Percent.Cover,0,0,100,,100,0,100,
32,BB,BB.B,1,12,BB.B.1.12,Percent.Cover,0,0,100,,100,0,100,
33,BB,BB.B,1,13,BB.B.1.13,Percent.Cover,0,0,100,,100,0,100,
34,BB,BB.B,1,14,BB.B.1.14,Percent.Cover,0,0,100,,100,0,100,
35,BB,BB.B,1,15,BB.B.1.15,Percent.Cover,20,0,80,,100,0,80,
36,BB,BB.B,1,16,BB.B.1.16,Percent.Cover,0,0,100,,100,0,100,
37,BB,BB.B,1,17,BB.B.1.17,Percent.Cover,5,0,95,,100,0,95,
38,BB,BB.B,1,18,BB.B.1.18,Percent.Cover,20,0,80,,100,0,80,
39,BB,BB.B,1,19,BB.B.1.19,Percent.Cover,30,0,70,,100,0,70,
40,BB,BB.B,1,20,BB.B.1.20,Percent.Cover,40,0,60,,100,0,60,
41,BC,BC.A,1,1,BC.A.1.1,Percent.Cover,0,20,80,,100,20,80,
42,BC,BC.A,1,2,BC.A.1.2,Percent.Cover,0,60,40,,100,60,40,
43,BC,BC.A,1,3,BC.A.1.3,Percent.Cover,0,50,50,,100,50,50,
44,BC,BC.A,1,4,BC.A.1.4,Percent.Cover,0,40,60,,100,40,60,
45,BC,BC.A,1,5,BC.A.1.5,Percent.Cover,0,60,40,,100,60,40,
46,BC,BC.A,1,6,BC.A.1.6,Percent.Cover,10,60,30,,100,60,30,
47,BC,BC.A,1,7,BC.A.1.7,Percent.Cover,5,25,70,,100,25,70,
48,BC,BC.A,1,8,BC.A.1.8,Percent.Cover,0,30,70,,100,30,70,
49,BC,BC.A,1,9,BC.A.1.9,Percent.Cover,0,50,50,,100,50,50,
50,BC,BC.A,1,10,BC.A.1.10,Percent.Cover,0,0,100,,100,0,100,
51,BC,BC.A,1,11,BC.A.1.11,Percent.Cover,0,50,50,,100,50,50,
52,BC,BC.A,1,12,BC.A.1.12,Percent.Cover,5,50,15,,70,71,21,
53,BC,BC.A,1,13,BC.A.1.13,Percent.Cover,0,80,20,,100,80,20,
54,BC,BC.A,1,14,BC.A.1.14,Percent.Cover,0,10,90,,100,10,90,
55,BC,BC.A,1,15,BC.A.1.15,Percent.Cover,5,65,30,,100,65,30,
56,BC,BC.A,1,16,BC.A.1.16,Percent.Cover,0,60,40,,100,60,40,
57,BC,BC.A,1,17,BC.A.1.17,Percent.Cover,5,80,15,,100,80,15,
58,BC,BC.A,1,18,BC.A.1.18,Percent.Cover,30,40,30,,100,40,30,
59,BC,BC.A,1,19,BC.A.1.19,Percent.Cover,0,15,85,,100,15,85,
60,BC,BC.A,1,20,BC.A.1.20,Percent.Cover,0,0,100,,100,0,100,
61,BC,BC.B,1,1,BC.B.1.1,Percent.Cover,30,0,70,,100,0,70,
62,BC,BC.B,1,2,BC.B.1.2,Percent.Cover,10,0,90,,100,0,90,
63,BC,BC.B,1,3,BC.B.1.3,Percent.Cover,10,0,90,,100,0,90,
64,BC,BC.B,1,4,BC.B.1.4,Percent.Cover,20,0,80,,100,0,80,
65,BC,BC.B,1,5,BC.B.1.5,Percent.Cover,40,0,60,,100,0,60,
66,BC,BC.B,1,6,BC.B.1.6,Percent.Cover,18,2,80,,100,2,80,
67,BC,BC.B,1,7,BC.B.1.7,Percent.Cover,60,0,40,,100,0,40,
68,BC,BC.B,1,8,BC.B.1.8,Percent.Cover,80,0,20,,100,0,20,
69,BC,BC.B,1,9,BC.B.1.9,Percent.Cover,5,0,95,,100,0,95,
70,BC,BC.B,1,10,BC.B.1.10,Percent.Cover,30,0,70,,100,0,70,
71,BC,BC.B,1,11,BC.B.1.11,Percent.Cover,80,0,20,,100,0,20,
72,BC,BC.B,1,12,BC.B.1.12,Percent.Cover,60,0,40,,100,0,40,
73,BC,BC.B,1,13,BC.B.1.13,Percent.Cover,20,0,90,,110,0,82,
74,BC,BC.B,1,14,BC.B.1.14,Percent.Cover,75,0,25,,100,0,25,
75,BC,BC.B,1,15,BC.B.1.15,Percent.Cover,40,0,60,,100,0,60,
76,BC,BC.B,1,16,BC.B.1.16,Percent.Cover,50,0,50,,100,0,50,
77,BC,BC.B,1,17,BC.B.1.17,Percent.Cover,20,0,80,,100,0,80,
78,BC,BC.B,1,18,BC.B.1.18,Percent.Cover,40,0,60,,100,0,60,
79,BC,BC.B,1,19,BC.B.1.19,Percent.Cover,70,0,30,,100,0,30,
80,BC,BC.B,1,20,BC.B.1.20,Percent.Cover,50,0,50,,100,0,50,
81,CR,CR.A,1,1,CR.A.1.1,Percent.Cover,NA,0,98,,98,0,98,No bare recorded
82,CR,CR.A,1,2,CR.A.1.2,Percent.Cover,NA,0,97,,97,0,97,No bare recorded
83,CR,CR.A,1,3,CR.A.1.3,Percent.Cover,NA,0,98,,98,0,98,No bare recorded
84,CR,CR.A,1,4,CR.A.1.4,Percent.Cover,NA,0,97,,97,0,97,No bare recorded
85,CR,CR.A,1,5,CR.A.1.5,Percent.Cover,NA,0,98,,98,0,98,No bare recorded
86,CR,CR.A,1,6,CR.A.1.6,Percent.Cover,NA,0,97,,97,0,97,No bare recorded
87,CR,CR.A,1,7,CR.A.1.7,Percent.Cover,NA,0,98,,98,0,98,No bare recorded
88,CR,CR.A,1,8,CR.A.1.8,Percent.Cover,NA,0,98,,98,0,98,No bare recorded
89,CR,CR.A,1,9,CR.A.1.9,Percent.Cover,NA,0,97,,97,0,97,No bare recorded
90,CR,CR.A,1,10,CR.A.1.10,Percent.Cover,NA,0,98,,98,0,98,No bare recorded
91,CR,CR.A,1,11,CR.A.1.11,Percent.Cover,NA,0,98,,98,0,98,No bare recorded
92,CR,CR.A,1,12,CR.A.1.12,Percent.Cover,NA,0,99,,99,0,99,No bare recorded
93,CR,CR.A,1,13,CR.A.1.13,Percent.Cover,NA,0,98,,98,0,98,No bare recorded
94,CR,CR.A,1,14,CR.A.1.14,Percent.Cover,NA,0,97,,97,0,97,No bare recorded
95,CR,CR.A,1,15,CR.A.1.15,Percent.Cover,NA,0,97,,97,0,97,No bare recorded
96,CR,CR.A,1,16,CR.A.1.16,Percent.Cover,NA,0,98,,98,0,98,No bare recorded
97,CR,CR.A,1,17,CR.A.1.17,Percent.Cover,NA,0,97,,97,0,97,No bare recorded
98,CR,CR.A,1,18,CR.A.1.18,Percent.Cover,NA,0,97,,97,0,97,No bare recorded
99,CR,CR.A,1,19,CR.A.1.19,Percent.Cover,NA,0,95,,95,0,95,No bare recorded
100,CR,CR.A,1,20,CR.A.1.20,Percent.Cover,NA,0,96,,96,0,96,No bare recorded
101,CR,CR.B,1,1,CR.B.1.1,Percent.Cover,NA,0,80,,80,0,80,No bare recorded
102,CR,CR.B,1,2,CR.B.1.2,Percent.Cover,NA,0,80,,80,0,80,No bare recorded
103,CR,CR.B,1,3,CR.B.1.3,Percent.Cover,NA,0,80,,80,0,80,No bare recorded
104,CR,CR.B,1,4,CR.B.1.4,Percent.Cover,NA,0,65,,65,0,65,No bare recorded
105,CR,CR.B,1,5,CR.B.1.5,Percent.Cover,NA,0,70,,70,0,70,No bare recorded
106,CR,CR.B,1,6,CR.B.1.6,Percent.Cover,NA,0,70,,70,0,70,No bare recorded
107,CR,CR.B,1,7,CR.B.1.7,Percent.Cover,NA,0,75,,75,0,75,No bare recorded
108,CR,CR.B,1,8,CR.B.1.8,Percent.Cover,NA,0,70,,70,0,70,No bare recorded
109,CR,CR.B,1,9,CR.B.1.9,Percent.Cover,NA,0,70,,70,0,70,No bare recorded
110,CR,CR.B,1,10,CR.B.1.10,Percent.Cover,NA,0,75,,75,0,75,No bare recorded
111,CR,CR.B,1,11,CR.B.1.11,Percent.Cover,NA,0,65,,65,0,65,No bare recorded
112,CR,CR.B,1,12,CR.B.1.12,Percent.Cover,NA,0,65,,65,0,65,No bare recorded
113,CR,CR.B,1,13,CR.B.1.13,Percent.Cover,NA,0,70,,70,0,70,No bare recorded
114,CR,CR.B,1,14,CR.B.1.14,Percent.Cover,NA,0,70,,70,0,70,No bare recorded
115,CR,CR.B,1,15,CR.B.1.15,Percent.Cover,NA,0,75,,75,0,75,No bare recorded
116,CR,CR.B,1,16,CR.B.1.16,Percent.Cover,NA,0,80,,80,0,80,No bare recorded
117,CR,CR.B,1,17,CR.B.1.17,Percent.Cover,NA,0,60,,60,0,60,No bare recorded
118,CR,CR.B,1,18,CR.B.1.18,Percent.Cover,NA,0,65,,65,0,65,No bare recorded
119,CR,CR.B,1,19,CR.B.1.19,Percent.Cover,NA,0,65,,65,0,65,No bare recorded
120,CR,CR.B,1,20,CR.B.1.20,Percent.Cover,NA,0,65,,65,0,65,No bare recorded
121,ES,ES.A,1,1,ES.A.1.1,Percent.Cover,0,0,100,,100,0,100,
122,ES,ES.A,1,2,ES.A.1.2,Percent.Cover,0,0,100,,100,0,100,
123,ES,ES.A,1,3,ES.A.1.3,Percent.Cover,0,0,100,,100,0,100,
124,ES,ES.A,1,4,ES.A.1.4,Percent.Cover,10,0,90,,100,0,90,
125,ES,ES.A,1,5,ES.A.1.5,Percent.Cover,0,0,100,,100,0,100,
126,ES,ES.A,1,6,ES.A.1.6,Percent.Cover,0,0,100,,100,0,100,
127,ES,ES.A,1,7,ES.A.1.7,Percent.Cover,0,0,100,,100,0,100,
128,ES,ES.A,1,8,ES.A.1.8,Percent.Cover,0,0,100,,100,0,100,
129,ES,ES.A,1,9,ES.A.1.9,Percent.Cover,0,0,100,,100,0,100,
130,ES,ES.A,1,10,ES.A.1.10,Percent.Cover,0,0,100,,100,0,100,
131,ES,ES.A,1,11,ES.A.1.11,Percent.Cover,0,0,100,,100,0,100,
132,ES,ES.A,1,12,ES.A.1.12,Percent.Cover,15,0,85,,100,0,85,
133,ES,ES.A,1,13,ES.A.1.13,Percent.Cover,0,0,100,,100,0,100,
134,ES,ES.A,1,14,ES.A.1.14,Percent.Cover,0,0,100,,100,0,100,
135,ES,ES.A,1,15,ES.A.1.15,Percent.Cover,0,0,100,,100,0,100,
136,ES,ES.A,1,16,ES.A.1.16,Percent.Cover,0,0,100,,100,0,100,
137,ES,ES.A,1,17,ES.A.1.17,Percent.Cover,0,0,100,,100,0,100,
138,ES,ES.A,1,18,ES.A.1.18,Percent.Cover,0,0,100,,100,0,100,
139,ES,ES.A,1,19,ES.A.1.19,Percent.Cover,0,0,100,,100,0,100,
140,ES,ES.A,1,20,ES.A.1.20,Percent.Cover,0,0,100,,100,0,100,
141,ES,ES.B,1,1,ES.B.1.1,Percent.Cover,0,0,100,,100,0,100,
142,ES,ES.B,1,2,ES.B.1.2,Percent.Cover,0,0,100,,100,0,100,
143,ES,ES.B,1,3,ES.B.1.3,Percent.Cover,0,0,100,,100,0,100,
144,ES,ES.B,1,4,ES.B.1.4,Percent.Cover,0,0,100,,100,0,100,
145,ES,ES.B,1,5,ES.B.1.5,Percent.Cover,0,0,100,,100,0,100,
146,ES,ES.B,1,6,ES.B.1.6,Percent.Cover,0,0,100,,100,0,100,
147,ES,ES.B,1,7,ES.B.1.7,Percent.Cover,0,0,100,,100,0,100,
148,ES,ES.B,1,8,ES.B.1.8,Percent.Cover,0,0,100,,100,0,100,
149,ES,ES.B,1,9,ES.B.1.9,Percent.Cover,0,0,100,,100,0,100,
150,ES,ES.B,1,10,ES.B.1.10,Percent.Cover,0,0,100,,100,0,100,
151,ES,ES.B,1,11,ES.B.1.11,Percent.Cover,0,0,100,,100,0,100,
152,ES,ES.B,1,12,ES.B.1.12,Percent.Cover,0,0,100,,100,0,100,
153,ES,ES.B,1,13,ES.B.1.13,Percent.Cover,0,0,100,,100,0,100,
154,ES,ES.B,1,14,ES.B.1.14,Percent.Cover,0,0,100,,100,0,100,
155,ES,ES.B,1,15,ES.B.1.15,Percent.Cover,0,0,100,,100,0,100,
156,ES,ES.B,1,16,ES.B.1.16,Percent.Cover,0,0,100,,100,0,100,
157,ES,ES.B,1,17,ES.B.1.17,Percent.Cover,0,0,100,,100,0,100,
158,ES,ES.B,1,18,ES.B.1.18,Percent.Cover,0,0,100,,100,0,100,
159,ES,ES.B,1,19,ES.B.1.19,Percent.Cover,10,0,100,,110,0,91,
160,ES,ES.B,1,20,ES.B.1.20,Percent.Cover,0,0,100,,100,0,100,
161,FI,FI.A,1,1,FI.A.1.1,Percent.Cover,0,70,100,,170,41,59,
162,FI,FI.A,1,2,FI.A.1.2,Percent.Cover,15,40,85,,140,29,61,
163,FI,FI.A,1,3,FI.A.1.3,Percent.Cover,0,65,80,,145,45,55,
164,FI,FI.A,1,4,FI.A.1.4,Percent.Cover,5,70,95,,170,41,56,
165,FI,FI.A,1,5,FI.A.1.5,Percent.Cover,25,30,75,,130,23,58,
166,FI,FI.A,1,6,FI.A.1.6,Percent.Cover,0,90,100,,190,47,53,
167,FI,FI.A,1,7,FI.A.1.7,Percent.Cover,25,25,75,,125,20,60,
168,FI,FI.A,1,8,FI.A.1.8,Percent.Cover,35,80,95,,210,38,45,
169,FI,FI.A,1,9,FI.A.1.9,Percent.Cover,0,95,100,,195,49,51,
170,FI,FI.A,1,10,FI.A.1.10,Percent.Cover,15,100,85,,200,50,43,
171,FI,FI.A,1,11,FI.A.1.11,Percent.Cover,15,80,70,,165,48,42,
172,FI,FI.A,1,12,FI.A.1.12,Percent.Cover,10,90,50,,150,60,33,
173,FI,FI.A,1,13,FI.A.1.13,Percent.Cover,10,90,85,,185,49,46,
174,FI,FI.A,1,14,FI.A.1.14,Percent.Cover,0,100,100,,200,50,50,
175,FI,FI.A,1,15,FI.A.1.15,Percent.Cover,20,70,100,,190,37,53,
176,FI,FI.A,1,16,FI.A.1.16,Percent.Cover,10,80,60,,150,53,40,
177,FI,FI.A,1,17,FI.A.1.17,Percent.Cover,20,70,80,,170,41,47,
178,FI,FI.A,1,18,FI.A.1.18,Percent.Cover,5,100,100,,205,49,49,
179,FI,FI.A,1,19,FI.A.1.19,Percent.Cover,20,70,70,,160,44,44,
180,FI,FI.A,1,20,FI.A.1.20,Percent.Cover,20,75,75,,170,44,44,
181,FI,FI.B,1,1,FI.B.1.1,Percent.Cover,20,2,75,,97,2,77,
182,FI,FI.B,1,2,FI.B.1.2,Percent.Cover,40,2,60,,102,2,59,
183,FI,FI.B,1,3,FI.B.1.3,Percent.Cover,10,2,90,,102,2,88,
184,FI,FI.B,1,4,FI.B.1.4,Percent.Cover,2,0,71,,73,0,97,
185,FI,FI.B,1,5,FI.B.1.5,Percent.Cover,30,5,65,,100,5,65,
186,FI,FI.B,1,6,FI.B.1.6,Percent.Cover,10,0,85,,95,0,89,
187,FI,FI.B,1,7,FI.B.1.7,Percent.Cover,20,2,61,,83,2,73,
188,FI,FI.B,1,8,FI.B.1.8,Percent.Cover,20,5,80,,105,5,76,
189,FI,FI.B,1,9,FI.B.1.9,Percent.Cover,10,3,90,,103,3,87,
190,FI,FI.B,1,10,FI.B.1.10,Percent.Cover,10,2,90,,102,2,88,
191,FI,FI.B,1,11,FI.B.1.11,Percent.Cover,20,2,85,,107,2,79,
192,FI,FI.B,1,12,FI.B.1.12,Percent.Cover,20,0,86,,106,0,81,
193,FI,FI.B,1,13,FI.B.1.13,Percent.Cover,30,2,65,,97,2,67,
194,FI,FI.B,1,14,FI.B.1.14,Percent.Cover,15,0,80,,95,0,84,
195,FI,FI.B,1,15,FI.B.1.15,Percent.Cover,15,1,90,,106,1,85,
196,FI,FI.B,1,16,FI.B.1.16,Percent.Cover,10,0,90,,100,0,90,
197,FI,FI.B,1,17,FI.B.1.17,Percent.Cover,50,1,50,,101,1,50,
198,FI,FI.B,1,18,FI.B.1.18,Percent.Cover,15,0,85,,100,0,85,
199,FI,FI.B,1,19,FI.B.1.19,Percent.Cover,20,0,70,,90,0,78,
200,FI,FI.B,1,20,FI.B.1.20,Percent.Cover,15,0,75,,90,0,83,
201,FR,FR.A,1,1,FR.A.1.1,Percent.Cover,NA,50,50,,100,50,50,No bare recorded
202,FR,FR.A,1,2,FR.A.1.2,Percent.Cover,NA,50,50,,100,50,50,No bare recorded
203,FR,FR.A,1,3,FR.A.1.3,Percent.Cover,NA,40,60,,100,40,60,No bare recorded
204,FR,FR.A,1,4,FR.A.1.4,Percent.Cover,NA,70,30,,100,70,30,No bare recorded
205,FR,FR.A,1,5,FR.A.1.5,Percent.Cover,NA,50,40,,90,56,44,No bare recorded
206,FR,FR.A,1,6,FR.A.1.6,Percent.Cover,NA,50,50,,100,50,50,No bare recorded
207,FR,FR.A,1,7,FR.A.1.7,Percent.Cover,NA,70,30,,100,70,30,No bare recorded
208,FR,FR.A,1,8,FR.A.1.8,Percent.Cover,NA,60,40,,100,60,40,No bare recorded
209,FR,FR.A,1,9,FR.A.1.9,Percent.Cover,NA,30,70,,100,30,70,No bare recorded
210,FR,FR.A,1,10,FR.A.1.10,Percent.Cover,NA,30,70,,100,30,70,No bare recorded
211,FR,FR.A,1,11,FR.A.1.11,Percent.Cover,NA,80,20,,100,80,20,No bare recorded
212,FR,FR.A,1,12,FR.A.1.12,Percent.Cover,NA,70,30,,100,70,30,No bare recorded
213,FR,FR.A,1,13,FR.A.1.13,Percent.Cover,NA,70,30,,100,70,30,No bare recorded
214,FR,FR.A,1,14,FR.A.1.14,Percent.Cover,NA,30,70,,100,30,70,No bare recorded
215,FR,FR.A,1,15,FR.A.1.15,Percent.Cover,NA,20,80,,100,20,80,No bare recorded
216,FR,FR.A,1,16,FR.A.1.16,Percent.Cover,NA,60,40,,100,60,40,No bare recorded
217,FR,FR.A,1,17,FR.A.1.17,Percent.Cover,NA,20,80,,100,20,80,No bare recorded
218,FR,FR.A,1,18,FR.A.1.18,Percent.Cover,NA,40,40,,80,50,50,No bare recorded
219,FR,FR.A,1,19,FR.A.1.19,Percent.Cover,NA,60,40,,100,60,40,No bare recorded
220,FR,FR.A,1,20,FR.A.1.20,Percent.Cover,NA,50,50,,100,50,50,No bare recorded
221,FR,FR.B,1,1,FR.B.1.1,Percent.Cover,NA,0,100,,100,0,100,No bare recorded
222,FR,FR.B,1,2,FR.B.1.2,Percent.Cover,NA,0,100,,100,0,100,No bare recorded
223,FR,FR.B,1,3,FR.B.1.3,Percent.Cover,NA,0,100,,100,0,100,No bare recorded
224,FR,FR.B,1,4,FR.B.1.4,Percent.Cover,NA,0,100,,100,0,100,No bare recorded
225,FR,FR.B,1,5,FR.B.1.5,Percent.Cover,NA,0,100,,100,0,100,No bare recorded
226,FR,FR.B,1,6,FR.B.1.6,Percent.Cover,NA,0,100,,100,0,100,No bare recorded
227,FR,FR.B,1,7,FR.B.1.7,Percent.Cover,NA,0,100,,100,0,100,No bare recorded
228,FR,FR.B,1,8,FR.B.1.8,Percent.Cover,NA,0,100,,100,0,100,No bare recorded
229,FR,FR.B,1,9,FR.B.1.9,Percent.Cover,NA,0,100,,100,0,100,No bare recorded
230,FR,FR.B,1,10,FR.B.1.10,Percent.Cover,NA,0,100,,100,0,100,No bare recorded
231,FR,FR.B,1,11,FR.B.1.11,Percent.Cover,NA,0,100,,100,0,100,No bare recorded
232,FR,FR.B,1,12,FR.B.1.12,Percent.Cover,NA,0,100,,100,0,100,No bare recorded
233,FR,FR.B,1,13,FR.B.1.13,Percent.Cover,NA,0,100,,100,0,100,No bare recorded
234,FR,FR.B,1,14,FR.B.1.14,Percent.Cover,NA,0,100,,100,0,100,No bare recorded
235,FR,FR.B,1,15,FR.B.1.15,Percent.Cover,NA,0,100,,100,0,100,No bare recorded
236,FR,FR.B,1,16,FR.B.1.16,Percent.Cover,NA,0,100,,100,0,100,No bare recorded
237,FR,FR.B,1,17,FR.B.1.17,Percent.Cover,NA,0,100,,100,0,100,No bare recorded
238,FR,FR.B,1,18,FR.B.1.18,Percent.Cover,NA,0,100,,100,0,100,No bare recorded
239,FR,FR.B,1,19,FR.B.1.19,Percent.Cover,NA,0,100,,100,0,100,No bare recorded
240,FR,FR.B,1,20,FR.B.1.20,Percent.Cover,NA,0,100,,100,0,100,No bare recorded
241,IR,IR.A,1,1,IR.A.1.1,Percent.Cover,29,6,65,,100,6,65,
242,IR,IR.A,1,2,IR.A.1.2,Percent.Cover,30,0,70,,100,0,70,
243,IR,IR.A,1,3,IR.A.1.3,Percent.Cover,30,0,70,,100,0,70,
244,IR,IR.A,1,4,IR.A.1.4,Percent.Cover,36,4,60,,100,4,60,
245,IR,IR.A,1,5,IR.A.1.5,Percent.Cover,43,7,50,,100,7,50,
246,IR,IR.A,1,6,IR.A.1.6,Percent.Cover,36,4,60,,100,4,60,
247,IR,IR.A,1,7,IR.A.1.7,Percent.Cover,50,0,50,,100,0,50,
248,IR,IR.A,1,8,IR.A.1.8,Percent.Cover,60,0,40,,100,0,40,
249,IR,IR.A,1,9,IR.A.1.9,Percent.Cover,50,0,50,,100,0,50,
250,IR,IR.A,1,10,IR.A.1.10,Percent.Cover,35,0,65,,100,0,65,
251,IR,IR.A,1,11,IR.A.1.11,Percent.Cover,34,1,65,,100,1,65,
252,IR,IR.A,1,12,IR.A.1.12,Percent.Cover,50,0,50,,100,0,50,
253,IR,IR.A,1,13,IR.A.1.13,Percent.Cover,50,0,50,,100,0,50,
254,IR,IR.A,1,14,IR.A.1.14,Percent.Cover,39.5,0.5,60,,100,1,60,
255,IR,IR.A,1,15,IR.A.1.15,Percent.Cover,23,2,75,,100,2,75,
256,IR,IR.A,1,16,IR.A.1.16,Percent.Cover,40,0,60,,100,0,60,
257,IR,IR.A,1,17,IR.A.1.17,Percent.Cover,42,3,55,,100,3,55,
258,IR,IR.A,1,18,IR.A.1.18,Percent.Cover,43,2,55,,100,2,55,
259,IR,IR.A,1,19,IR.A.1.19,Percent.Cover,45,0,55,,100,0,55,
260,IR,IR.A,1,20,IR.A.1.20,Percent.Cover,44.5,0.5,55,,100,1,55,
261,IR,IR.B,1,1,IR.B.1.1,Percent.Cover,76,20,4,,100,20,4,
262,IR,IR.B,1,2,IR.B.1.2,Percent.Cover,0,20,80,,100,20,80,
263,IR,IR.B,1,3,IR.B.1.3,Percent.Cover,0,5,95,,100,5,95,
264,IR,IR.B,1,4,IR.B.1.4,Percent.Cover,0,2,98,,100,2,98,
265,IR,IR.B,1,5,IR.B.1.5,Percent.Cover,0,0,100,,100,0,100,
266,IR,IR.B,1,6,IR.B.1.6,Percent.Cover,0,2,98,,100,2,98,
267,IR,IR.B,1,7,IR.B.1.7,Percent.Cover,0,1,99,,100,1,99,
268,IR,IR.B,1,8,IR.B.1.8,Percent.Cover,0,0,100,,100,0,100,
269,IR,IR.B,1,9,IR.B.1.9,Percent.Cover,0,15,85,,100,15,85,
270,IR,IR.B,1,10,IR.B.1.10,Percent.Cover,0,25,75,,100,25,75,
271,IR,IR.B,1,11,IR.B.1.11,Percent.Cover,21,78,1,,100,78,1,
272,IR,IR.B,1,12,IR.B.1.12,Percent.Cover,30,42,28,,100,42,28,
273,IR,IR.B,1,13,IR.B.1.13,Percent.Cover,50,10,40,,100,10,40,
274,IR,IR.B,1,14,IR.B.1.14,Percent.Cover,0,5,90,,95,5,95,
275,IR,IR.B,1,15,IR.B.1.15,Percent.Cover,10,25,70,,105,24,67,
276,IR,IR.B,1,16,IR.B.1.16,Percent.Cover,0,40,60,,100,40,60,
277,IR,IR.B,1,17,IR.B.1.17,Percent.Cover,0,65,35,,100,65,35,
278,IR,IR.B,1,18,IR.B.1.18,Percent.Cover,0,17,83,,100,17,83,
279,IR,IR.B,1,19,IR.B.1.19,Percent.Cover,5,40,55,,100,40,55,
280,IR,IR.B,1,20,IR.B.1.20,Percent.Cover,0,85,15,,100,85,15,
281,JN,JN.A,1,1,JN.A.1.1,Percent.Cover,NA,0,90,,90,0,90,No bare recorded
282,JN,JN.A,1,2,JN.A.1.2,Percent.Cover,NA,5,65,,70,5,65,No bare recorded
283,JN,JN.A,1,3,JN.A.1.3,Percent.Cover,NA,5,90,,95,5,90,No bare recorded
284,JN,JN.A,1,4,JN.A.1.4,Percent.Cover,NA,0,90,,90,0,90,No bare recorded
285,JN,JN.A,1,5,JN.A.1.5,Percent.Cover,NA,0,100,,100,0,100,No bare recorded
286,JN,JN.A,1,6,JN.A.1.6,Percent.Cover,NA,5,95,,100,5,95,No bare recorded
287,JN,JN.A,1,7,JN.A.1.7,Percent.Cover,NA,0,95,,95,0,95,No bare recorded
288,JN,JN.A,1,8,JN.A.1.8,Percent.Cover,NA,0,90,,90,0,90,No bare recorded
289,JN,JN.A,1,9,JN.A.1.9,Percent.Cover,NA,0,90,,90,0,90,No bare recorded
290,JN,JN.A,1,10,JN.A.1.10,Percent.Cover,NA,0,90,,90,0,90,No bare recorded
291,JN,JN.A,1,11,JN.A.1.11,Percent.Cover,NA,0,70,,70,0,70,No bare recorded
292,JN,JN.A,1,12,JN.A.1.12,Percent.Cover,NA,0,90,,90,0,90,No bare recorded
293,JN,JN.A,1,13,JN.A.1.13,Percent.Cover,NA,0,70,,70,0,70,No bare recorded
294,JN,JN.A,1,14,JN.A.1.14,Percent.Cover,NA,0,70,,70,0,70,No bare recorded
295,JN,JN.A,1,15,JN.A.1.15,Percent.Cover,NA,0,75,,75,0,75,No bare recorded
296,JN,JN.A,1,16,JN.A.1.16,Percent.Cover,NA,0,80,,80,0,80,No bare recorded
297,JN,JN.A,1,17,JN.A.1.17,Percent.Cover,NA,0,90,,90,0,90,No bare recorded
298,JN,JN.A,1,18,JN.A.1.18,Percent.Cover,NA,0,75,,75,0,75,No bare recorded
299,JN,JN.A,1,19,JN.A.1.19,Percent.Cover,NA,0,75,,75,0,75,No bare recorded
300,JN,JN.A,1,20,JN.A.1.20,Percent.Cover,NA,0,85,,85,0,85,No bare recorded
301,JN,JN.B,1,1,JN.B.1.1,Percent.Cover,NA,0,100,,100,0,100,No bare recorded
302,JN,JN.B,1,2,JN.B.1.2,Percent.Cover,NA,5,100,,105,5,100,No bare recorded
303,JN,JN.B,1,3,JN.B.1.3,Percent.Cover,NA,20,95,,115,20,95,No bare recorded
304,JN,JN.B,1,4,JN.B.1.4,Percent.Cover,NA,0,100,,100,0,100,No bare recorded
305,JN,JN.B,1,5,JN.B.1.5,Percent.Cover,NA,0,100,,100,0,100,No bare recorded
306,JN,JN.B,1,6,JN.B.1.6,Percent.Cover,NA,0,100,,100,0,100,No bare recorded
307,JN,JN.B,1,7,JN.B.1.7,Percent.Cover,NA,0,100,,100,0,100,No bare recorded
308,JN,JN.B,1,8,JN.B.1.8,Percent.Cover,NA,0,100,,100,0,100,No bare recorded
309,JN,JN.B,1,9,JN.B.1.9,Percent.Cover,NA,25,100,,125,25,100,No bare recorded
310,JN,JN.B,1,10,JN.B.1.10,Percent.Cover,NA,0,90,,90,0,90,No bare recorded
311,JN,JN.B,1,11,JN.B.1.11,Percent.Cover,NA,0,100,,100,0,100,No bare recorded
312,JN,JN.B,1,12,JN.B.1.12,Percent.Cover,NA,0,70,,70,0,70,No bare recorded
313,JN,JN.B,1,13,JN.B.1.13,Percent.Cover,NA,0,90,,90,0,90,No bare recorded
314,JN,JN.B,1,14,JN.B.1.14,Percent.Cover,NA,15,85,,100,15,85,No bare recorded
315,JN,JN.B,1,15,JN.B.1.15,Percent.Cover,NA,0,95,,95,0,95,No bare recorded
316,JN,JN.B,1,16,JN.B.1.16,Percent.Cover,NA,0,90,,90,0,90,No bare recorded
317,JN,JN.B,1,17,JN.B.1.17,Percent.Cover,NA,0,100,,100,0,100,No bare recorded
318,JN,JN.B,1,18,JN.B.1.18,Percent.Cover,NA,0,100,,100,0,100,No bare recorded
319,JN,JN.B,1,19,JN.B.1.19,Percent.Cover,NA,0,95,,95,0,95,No bare recorded
320,JN,JN.B,1,20,JN.B.1.20,Percent.Cover,NA,0,75,,75,0,75,No bare recorded
321,JS,JS.A,1,1,JS.A.1.1,Percent.Cover,25,0,75,,100,0,75,
322,JS,JS.A,1,2,JS.A.1.2,Percent.Cover,15,0,85,,100,0,85,
323,JS,JS.A,1,3,JS.A.1.3,Percent.Cover,25,0,75,,100,0,75,
324,JS,JS.A,1,4,JS.A.1.4,Percent.Cover,5,0,95,,100,0,95,
325,JS,JS.A,1,5,JS.A.1.5,Percent.Cover,5,0,95,,100,0,95,
326,JS,JS.A,1,6,JS.A.1.6,Percent.Cover,10,0,90,,100,0,90,
327,JS,JS.A,1,7,JS.A.1.7,Percent.Cover,10,0,90,,100,0,90,
328,JS,JS.A,1,8,JS.A.1.8,Percent.Cover,5,0,95,,100,0,95,
329,JS,JS.A,1,9,JS.A.1.9,Percent.Cover,25,0,75,,100,0,75,
330,JS,JS.A,1,10,JS.A.1.10,Percent.Cover,5,0,95,,100,0,95,
331,JS,JS.A,1,11,JS.A.1.11,Percent.Cover,0,0,100,,100,0,100,
332,JS,JS.A,1,12,JS.A.1.12,Percent.Cover,0,0,100,,100,0,100,
333,JS,JS.A,1,13,JS.A.1.13,Percent.Cover,5,0,95,,100,0,95,
334,JS,JS.A,1,14,JS.A.1.14,Percent.Cover,20,0,80,,100,0,80,
335,JS,JS.A,1,15,JS.A.1.15,Percent.Cover,0,0,100,,100,0,100,
336,JS,JS.A,1,16,JS.A.1.16,Percent.Cover,15,0,85,,100,0,85,
337,JS,JS.A,1,17,JS.A.1.17,Percent.Cover,25,0,75,,100,0,75,
338,JS,JS.A,1,18,JS.A.1.18,Percent.Cover,0,0,100,,100,0,100,
339,JS,JS.A,1,19,JS.A.1.19,Percent.Cover,10,0,90,,100,0,90,
340,JS,JS.A,1,20,JS.A.1.20,Percent.Cover,0,0,100,,100,0,100,
341,JS,JS.B,1,1,JS.B.1.1,Percent.Cover,30,0,70,,100,0,70,
342,JS,JS.B,1,2,JS.B.1.2,Percent.Cover,0,40,60,,100,40,60,
343,JS,JS.B,1,3,JS.B.1.3,Percent.Cover,5,0,95,,100,0,95,
344,JS,JS.B,1,4,JS.B.1.4,Percent.Cover,10,5,85,,100,5,85,
345,JS,JS.B,1,5,JS.B.1.5,Percent.Cover,0,10,90,,100,10,90,
346,JS,JS.B,1,6,JS.B.1.6,Percent.Cover,0,25,75,,100,25,75,
347,JS,JS.B,1,7,JS.B.1.7,Percent.Cover,10,10,80,,100,10,80,
348,JS,JS.B,1,8,JS.B.1.8,Percent.Cover,5,20,75,,100,20,75,
349,JS,JS.B,1,9,JS.B.1.9,Percent.Cover,30,20,50,,100,20,50,
350,JS,JS.B,1,10,JS.B.1.10,Percent.Cover,20,0,80,,100,0,80,
351,JS,JS.B,1,11,JS.B.1.11,Percent.Cover,40,10,50,,100,10,50,
352,JS,JS.B,1,12,JS.B.1.12,Percent.Cover,0,50,50,,100,50,50,
353,JS,JS.B,1,13,JS.B.1.13,Percent.Cover,0,25,75,,100,25,75,
354,JS,JS.B,1,14,JS.B.1.14,Percent.Cover,0,5,95,,100,5,95,
355,JS,JS.B,1,15,JS.B.1.15,Percent.Cover,0,25,75,,100,25,75,
356,JS,JS.B,1,16,JS.B.1.16,Percent.Cover,0,5,95,,100,5,95,
357,JS,JS.B,1,17,JS.B.1.17,Percent.Cover,0,5,95,,100,5,95,
358,JS,JS.B,1,18,JS.B.1.18,Percent.Cover,0,30,70,,100,30,70,
359,JS,JS.B,1,19,JS.B.1.19,Percent.Cover,0,85,15,,100,85,15,
360,JS,JS.B,1,20,JS.B.1.20,Percent.Cover,0,20,80,,100,20,80,
361,KO,KO.A,1,1,KO.A.1.1,Percent.Cover,NA,0,50,,50,0,50,No bare recorded
362,KO,KO.A,1,2,KO.A.1.2,Percent.Cover,NA,0,40,,40,0,40,No bare recorded
363,KO,KO.A,1,3,KO.A.1.3,Percent.Cover,NA,0,30,,30,0,30,No bare recorded
364,KO,KO.A,1,4,KO.A.1.4,Percent.Cover,NA,0,30,,30,0,30,No bare recorded
365,KO,KO.A,1,5,KO.A.1.5,Percent.Cover,NA,0,40,,40,0,40,No bare recorded
366,KO,KO.A,1,6,KO.A.1.6,Percent.Cover,NA,0,40,,40,0,40,No bare recorded
367,KO,KO.A,1,7,KO.A.1.7,Percent.Cover,NA,0,50,,50,0,50,No bare recorded
368,KO,KO.A,1,8,KO.A.1.8,Percent.Cover,NA,0,40,,40,0,40,No bare recorded
369,KO,KO.A,1,9,KO.A.1.9,Percent.Cover,NA,0,25,,25,0,25,No bare recorded
370,KO,KO.A,1,10,KO.A.1.10,Percent.Cover,NA,0,20,,20,0,20,No bare recorded
371,KO,KO.A,1,11,KO.A.1.11,Percent.Cover,NA,0,55,,55,0,55,No bare recorded
372,KO,KO.A,1,12,KO.A.1.12,Percent.Cover,NA,0,30,,30,0,30,No bare recorded
373,KO,KO.A,1,13,KO.A.1.13,Percent.Cover,NA,0,65,,65,0,65,No bare recorded
374,KO,KO.A,1,14,KO.A.1.14,Percent.Cover,NA,0,55,,55,0,55,No bare recorded
375,KO,KO.A,1,15,KO.A.1.15,Percent.Cover,NA,0,40,,40,0,40,No bare recorded
376,KO,KO.A,1,16,KO.A.1.16,Percent.Cover,NA,0,40,,40,0,40,No bare recorded
377,KO,KO.A,1,17,KO.A.1.17,Percent.Cover,NA,0,35,,35,0,35,No bare recorded
378,KO,KO.A,1,18,KO.A.1.18,Percent.Cover,NA,0,30,,30,0,30,No bare recorded
379,KO,KO.A,1,19,KO.A.1.19,Percent.Cover,NA,0,35,,35,0,35,No bare recorded
380,KO,KO.A,1,20,KO.A.1.20,Percent.Cover,NA,0,25,,25,0,25,No bare recorded
381,KO,KO.B,1,1,KO.B.1.1,Percent.Cover,NA,0,80,,80,0,80,No bare recorded
382,KO,KO.B,1,2,KO.B.1.2,Percent.Cover,NA,0,80,,80,0,80,No bare recorded
383,KO,KO.B,1,3,KO.B.1.3,Percent.Cover,NA,0,90,,90,0,90,No bare recorded
384,KO,KO.B,1,4,KO.B.1.4,Percent.Cover,NA,0,75,,75,0,75,No bare recorded
385,KO,KO.B,1,5,KO.B.1.5,Percent.Cover,NA,0,70,,70,0,70,No bare recorded
386,KO,KO.B,1,6,KO.B.1.6,Percent.Cover,NA,0,70,,70,0,70,No bare recorded
387,KO,KO.B,1,7,KO.B.1.7,Percent.Cover,NA,0,60,,60,0,60,No bare recorded
388,KO,KO.B,1,8,KO.B.1.8,Percent.Cover,NA,0,80,,80,0,80,No bare recorded
389,KO,KO.B,1,9,KO.B.1.9,Percent.Cover,NA,0,70,,70,0,70,No bare recorded
390,KO,KO.B,1,10,KO.B.1.10,Percent.Cover,NA,0,75,,75,0,75,No bare recorded
391,KO,KO.B,1,11,KO.B.1.11,Percent.Cover,NA,0,75,,75,0,75,No bare recorded
392,KO,KO.B,1,12,KO.B.1.12,Percent.Cover,NA,0,80,,80,0,80,No bare recorded
393,KO,KO.B,1,13,KO.B.1.13,Percent.Cover,NA,0,80,,80,0,80,No bare recorded
394,KO,KO.B,1,14,KO.B.1.14,Percent.Cover,NA,0,70,,70,0,70,No bare recorded
395,KO,KO.B,1,15,KO.B.1.15,Percent.Cover,NA,0,60,,60,0,60,No bare recorded
396,KO,KO.B,1,16,KO.B.1.16,Percent.Cover,NA,0,50,,50,0,50,No bare recorded
397,KO,KO.B,1,17,KO.B.1.17,Percent.Cover,NA,0,75,,75,0,75,No bare recorded
398,KO,KO.B,1,18,KO.B.1.18,Percent.Cover,NA,0,65,,65,0,65,No bare recorded
399,KO,KO.B,1,19,KO.B.1.19,Percent.Cover,NA,0,70,,70,0,70,No bare recorded
400,KO,KO.B,1,20,KO.B.1.20,Percent.Cover,NA,0,80,,80,0,80,No bare recorded
401,LI,LI.1,2,1,LI.1.2.1,Percent.Cover,0,25,75,,100,25,75,
402,LI,LI.1,2,2,LI.1.2.2,Percent.Cover,50,30,20,,100,30,20,
403,LI,LI.1,2,3,LI.1.2.3,Percent.Cover,15,10,75,,100,10,75,
404,LI,LI.1,2,4,LI.1.2.4,Percent.Cover,40,30,30,,100,30,30,
405,LI,LI.1,2,5,LI.1.2.5,Percent.Cover,50,20,30,,100,20,30,
406,LI,LI.1,2,6,LI.1.2.6,Percent.Cover,0,50,50,,100,50,50,
407,LI,LI.1,2,7,LI.1.2.7,Percent.Cover,0,2.5,100,,103,2,98,
408,LI,LI.1,2,8,LI.1.2.8,Percent.Cover,0,2.5,100,,103,2,98,
409,LI,LI.1,2,9,LI.1.2.9,Percent.Cover,0,5,100,,105,5,95,
410,LI,LI.1,2,10,LI.1.2.10,Percent.Cover,75,5,20,,100,5,20,
411,LI,LI.1,2,11,LI.1.2.11,Percent.Cover,10,5,85,,100,5,85,
412,LI,LI.1,2,12,LI.1.2.12,Percent.Cover,0,20,80,,100,20,80,
413,LI,LI.1,2,13,LI.1.2.13,Percent.Cover,30,2.5,70,,103,2,68,
414,LI,LI.1,2,14,LI.1.2.14,Percent.Cover,0,40,60,,100,40,60,
415,LI,LI.1,2,15,LI.1.2.15,Percent.Cover,50,20,30,,100,20,30,
416,LI,LI.1,2,16,LI.1.2.16,Percent.Cover,40,2.5,60,,103,2,59,
417,LI,LI.1,2,17,LI.1.2.17,Percent.Cover,0,50,50,,100,50,50,
418,LI,LI.1,2,18,LI.1.2.18,Percent.Cover,30,60,10,,100,60,10,
419,LI,LI.1,2,19,LI.1.2.19,Percent.Cover,20,70,10,,100,70,10,
420,LI,LI.1,2,20,LI.1.2.20,Percent.Cover,0,40,60,,100,40,60,
421,LI,LI.2,2,1,LI.2.2.1,Percent.Cover,0,0,100,,100,0,100,
422,LI,LI.2,2,2,LI.2.2.2,Percent.Cover,0,0,100,,100,0,100,
423,LI,LI.2,2,3,LI.2.2.3,Percent.Cover,0,0,100,,100,0,100,
424,LI,LI.2,2,4,LI.2.2.4,Percent.Cover,10,0,90,,100,0,90,
425,LI,LI.2,2,5,LI.2.2.5,Percent.Cover,0,0,100,,100,0,100,
426,LI,LI.2,2,6,LI.2.2.6,Percent.Cover,5,0,95,,100,0,95,
427,LI,LI.2,2,7,LI.2.2.7,Percent.Cover,0,0,100,,100,0,100,
428,LI,LI.2,2,8,LI.2.2.8,Percent.Cover,0,0,100,,100,0,100,
429,LI,LI.2,2,9,LI.2.2.9,Percent.Cover,20,0,80,,100,0,80,
430,LI,LI.2,2,10,LI.2.2.10,Percent.Cover,30,0,60,,90,0,67,
431,LI,LI.2,2,11,LI.2.2.11,Percent.Cover,40,0,60,,100,0,60,
432,LI,LI.2,2,12,LI.2.2.12,Percent.Cover,50,0,50,,100,0,50,
433,LI,LI.2,2,13,LI.2.2.13,Percent.Cover,0,0,100,,100,0,100,
434,LI,LI.2,2,14,LI.2.2.14,Percent.Cover,0,0,100,,100,0,100,
435,LI,LI.2,2,15,LI.2.2.15,Percent.Cover,5,0,95,,100,0,95,
436,LI,LI.2,2,16,LI.2.2.16,Percent.Cover,0,0,100,,100,0,100,
437,LI,LI.2,2,17,LI.2.2.17,Percent.Cover,10,0,90,,100,0,90,
438,LI,LI.2,2,18,LI.2.2.18,Percent.Cover,10,0,90,,100,0,90,
439,LI,LI.2,2,19,LI.2.2.19,Percent.Cover,0,0,100,,100,0,100,
440,LI,LI.2,2,20,LI.2.2.20,Percent.Cover,0,0,100,,100,0,100,
441,MA,MA.A,1,1,MA.A.1.1,Percent.Cover,0,10,90,,100,10,90,
442,MA,MA.A,1,2,MA.A.1.2,Percent.Cover,40,0,60,,100,0,60,
443,MA,MA.A,1,3,MA.A.1.3,Percent.Cover,0,5,95,,100,5,95,
444,MA,MA.A,1,4,MA.A.1.4,Percent.Cover,0,2,98,,100,2,98,
445,MA,MA.A,1,5,MA.A.1.5,Percent.Cover,10,5,85,,100,5,85,
446,MA,MA.A,1,6,MA.A.1.6,Percent.Cover,0,10,90,,100,10,90,
447,MA,MA.A,1,7,MA.A.1.7,Percent.Cover,15,5,80,,100,5,80,
448,MA,MA.A,1,8,MA.A.1.8,Percent.Cover,5,20,75,,100,20,75,
449,MA,MA.A,1,9,MA.A.1.9,Percent.Cover,0,5,95,,100,5,95,
450,MA,MA.A,1,10,MA.A.1.10,Percent.Cover,45,30,25,,100,30,25,
451,MA,MA.A,1,11,MA.A.1.11,Percent.Cover,30,10,60,,100,10,60,
452,MA,MA.A,1,12,MA.A.1.12,Percent.Cover,97,0,3,,100,0,3,
453,MA,MA.A,1,13,MA.A.1.13,Percent.Cover,15,15,70,,100,15,70,
454,MA,MA.A,1,14,MA.A.1.14,Percent.Cover,75,5,20,,100,5,20,
455,MA,MA.A,1,15,MA.A.1.15,Percent.Cover,5,20,75,,100,20,75,
456,MA,MA.A,1,16,MA.A.1.16,Percent.Cover,2,0,98,,100,0,98,
457,MA,MA.A,1,17,MA.A.1.17,Percent.Cover,95,0,5,,100,0,5,
458,MA,MA.A,1,18,MA.A.1.18,Percent.Cover,0,50,50,,100,50,50,
459,MA,MA.A,1,19,MA.A.1.19,Percent.Cover,5,5,90,,100,5,90,
460,MA,MA.A,1,20,MA.A.1.20,Percent.Cover,30,20,50,,100,20,50,
461,MA,MA.B,1,1,MA.B.1.1,Percent.Cover,40,0,60,,100,0,60,
462,MA,MA.B,1,2,MA.B.1.2,Percent.Cover,50,0,50,,100,0,50,
463,MA,MA.B,1,3,MA.B.1.3,Percent.Cover,45,5,50,,100,5,50,
464,MA,MA.B,1,4,MA.B.1.4,Percent.Cover,20,5,75,,100,5,75,
465,MA,MA.B,1,5,MA.B.1.5,Percent.Cover,40,0,60,,100,0,60,
466,MA,MA.B,1,6,MA.B.1.6,Percent.Cover,50,0,50,,100,0,50,
467,MA,MA.B,1,7,MA.B.1.7,Percent.Cover,10,0,90,,100,0,90,
468,MA,MA.B,1,8,MA.B.1.8,Percent.Cover,10,0,90,,100,0,90,
469,MA,MA.B,1,9,MA.B.1.9,Percent.Cover,30,0,70,,100,0,70,
470,MA,MA.B,1,10,MA.B.1.10,Percent.Cover,40,0,60,,100,0,60,
471,MA,MA.B,1,11,MA.B.1.11,Percent.Cover,60,0,40,,100,0,40,
472,MA,MA.B,1,12,MA.B.1.12,Percent.Cover,60,0,40,,100,0,40,
473,MA,MA.B,1,13,MA.B.1.13,Percent.Cover,80,0,20,,100,0,20,
474,MA,MA.B,1,14,MA.B.1.14,Percent.Cover,50,0,50,,100,0,50,
475,MA,MA.B,1,15,MA.B.1.15,Percent.Cover,50,0,50,,100,0,50,
476,MA,MA.B,1,16,MA.B.1.16,Percent.Cover,90,0,10,,100,0,10,
477,MA,MA.B,1,17,MA.B.1.17,Percent.Cover,95,0,5,,100,0,5,
478,MA,MA.B,1,18,MA.B.1.18,Percent.Cover,80,0,20,,100,0,20,
479,MA,MA.B,1,19,MA.B.1.19,Percent.Cover,90,0,10,,100,0,10,
480,MA,MA.B,1,20,MA.B.1.20,Percent.Cover,78,2,20,,100,2,20,
481,MX,MX.A,1,1,MX.A.1.1,Percent.Cover,0,8,92,,100,8,92,
482,MX,MX.A,1,2,MX.A.1.2,Percent.Cover,0,44,56,,100,44,56,
483,MX,MX.A,1,3,MX.A.1.3,Percent.Cover,0,40,60,,100,40,60,
484,MX,MX.A,1,4,MX.A.1.4,Percent.Cover,0,21,79,,100,21,79,
485,MX,MX.A,1,5,MX.A.1.5,Percent.Cover,2,10,88,,100,10,88,
486,MX,MX.A,1,6,MX.A.1.6,Percent.Cover,0,0,100,,100,0,100,
487,MX,MX.A,1,7,MX.A.1.7,Percent.Cover,0,15,85,,100,15,85,
488,MX,MX.A,1,8,MX.A.1.8,Percent.Cover,0,30,70,,100,30,70,
489,MX,MX.A,1,9,MX.A.1.9,Percent.Cover,0,34,66,,100,34,66,
490,MX,MX.A,1,10,MX.A.1.10,Percent.Cover,0,26,74,,100,26,74,
491,MX,MX.A,1,11,MX.A.1.11,Percent.Cover,0,18,83,,101,18,82,
492,MX,MX.A,1,12,MX.A.1.12,Percent.Cover,0,54,46,,100,54,46,
493,MX,MX.A,1,13,MX.A.1.13,Percent.Cover,0,13,88,,101,13,87,
494,MX,MX.A,1,14,MX.A.1.14,Percent.Cover,0,28,73,,101,28,72,
495,MX,MX.A,1,15,MX.A.1.15,Percent.Cover,0,1,99,,100,1,99,
496,MX,MX.A,1,16,MX.A.1.16,Percent.Cover,0,0,100,,100,0,100,
497,MX,MX.A,1,17,MX.A.1.17,Percent.Cover,0,0,100,,100,0,100,
498,MX,MX.A,1,18,MX.A.1.18,Percent.Cover,0,18,82,,100,18,82,
499,MX,MX.A,1,19,MX.A.1.19,Percent.Cover,0,31,69,,100,31,69,
500,MX,MX.A,1,20,MX.A.1.20,Percent.Cover,0,11,89,,100,11,89,
501,MX,MX.B,1,1,MX.B.1.1,Percent.Cover,0,11.25,88.75,,100,11,89,
502,MX,MX.B,1,2,MX.B.1.2,Percent.Cover,0,1.25,98.75,,100,1,99,
503,MX,MX.B,1,3,MX.B.1.3,Percent.Cover,0,6.25,93.75,,100,6,94,
504,MX,MX.B,1,4,MX.B.1.4,Percent.Cover,0,0,100,,100,0,100,
505,MX,MX.B,1,5,MX.B.1.5,Percent.Cover,0,1.25,98.75,,100,1,99,
506,MX,MX.B,1,6,MX.B.1.6,Percent.Cover,0,0,100,,100,0,100,
507,MX,MX.B,1,7,MX.B.1.7,Percent.Cover,0,1.25,98.75,,100,1,99,
508,MX,MX.B,1,8,MX.B.1.8,Percent.Cover,0,0,100,,100,0,100,
509,MX,MX.B,1,9,MX.B.1.9,Percent.Cover,0,5,95,,100,5,95,
510,MX,MX.B,1,10,MX.B.1.10,Percent.Cover,7.5,0,92.5,,100,0,93,
511,MX,MX.B,1,11,MX.B.1.11,Percent.Cover,0,0,100,,100,0,100,
512,MX,MX.B,1,12,MX.B.1.12,Percent.Cover,63.5,0,36.5,,100,0,37,
513,MX,MX.B,1,13,MX.B.1.13,Percent.Cover,0,0,100,,100,0,100,
514,MX,MX.B,1,14,MX.B.1.14,Percent.Cover,0,12.5,87.5,,100,13,88,
515,MX,MX.B,1,15,MX.B.1.15,Percent.Cover,0,13.75,86.25,,100,14,86,
516,MX,MX.B,1,16,MX.B.1.16,Percent.Cover,0,0,100,,100,0,100,
517,MX,MX.B,1,17,MX.B.1.17,Percent.Cover,0,12.5,87.5,,100,13,88,
518,MX,MX.B,1,18,MX.B.1.18,Percent.Cover,0,2.5,97.5,,100,3,98,
519,MX,MX.B,1,19,MX.B.1.19,Percent.Cover,0,0,100,,100,0,100,
520,MX,MX.B,1,20,MX.B.1.20,Percent.Cover,0,0,100,,100,0,100,
521,NC,NC.A,1,1,NC.A.1.1,Percent.Cover,20,0,80,,100,0,80,
522,NC,NC.A,1,2,NC.A.1.2,Percent.Cover,50,0,50,,100,0,50,
523,NC,NC.A,1,3,NC.A.1.3,Percent.Cover,20,0,80,,100,0,80,
524,NC,NC.A,1,4,NC.A.1.4,Percent.Cover,40,0,60,,100,0,60,
525,NC,NC.A,1,5,NC.A.1.5,Percent.Cover,50,0,50,,100,0,50,
526,NC,NC.A,1,6,NC.A.1.6,Percent.Cover,70,0,30,,100,0,30,
527,NC,NC.A,1,7,NC.A.1.7,Percent.Cover,60,0,40,,100,0,40,
528,NC,NC.A,1,8,NC.A.1.8,Percent.Cover,50,0,50,,100,0,50,
529,NC,NC.A,1,9,NC.A.1.9,Percent.Cover,70,0,30,,100,0,30,
530,NC,NC.A,1,10,NC.A.1.10,Percent.Cover,0,0,100,,100,0,100,
531,NC,NC.A,1,11,NC.A.1.11,Percent.Cover,20,0,80,,100,0,80,
532,NC,NC.A,1,12,NC.A.1.12,Percent.Cover,55,0,45,,100,0,45,
533,NC,NC.A,1,13,NC.A.1.13,Percent.Cover,60,0,40,,100,0,40,
534,NC,NC.A,1,14,NC.A.1.14,Percent.Cover,10,0,90,,100,0,90,
535,NC,NC.A,1,15,NC.A.1.15,Percent.Cover,10,0,90,,100,0,90,
536,NC,NC.A,1,16,NC.A.1.16,Percent.Cover,0,0,100,,100,0,100,
537,NC,NC.A,1,17,NC.A.1.17,Percent.Cover,55,0,45,,100,0,45,
538,NC,NC.A,1,18,NC.A.1.18,Percent.Cover,60,0,40,,100,0,40,
539,NC,NC.A,1,19,NC.A.1.19,Percent.Cover,20,0,80,,100,0,80,
540,NC,NC.A,1,20,NC.A.1.20,Percent.Cover,20,0,80,,100,0,80,
541,NC,NC.B,1,1,NC.B.1.1,Percent.Cover,10,0,90,,100,0,90,
542,NC,NC.B,1,2,NC.B.1.2,Percent.Cover,5,0,95,,100,0,95,
543,NC,NC.B,1,3,NC.B.1.3,Percent.Cover,0,0,100,,100,0,100,
544,NC,NC.B,1,4,NC.B.1.4,Percent.Cover,0,0,100,,100,0,100,
545,NC,NC.B,1,5,NC.B.1.5,Percent.Cover,0,0,100,,100,0,100,
546,NC,NC.B,1,6,NC.B.1.6,Percent.Cover,0,0,100,,100,0,100,
547,NC,NC.B,1,7,NC.B.1.7,Percent.Cover,0,0,100,,100,0,100,
548,NC,NC.B,1,8,NC.B.1.8,Percent.Cover,5,0,95,,100,0,95,
549,NC,NC.B,1,9,NC.B.1.9,Percent.Cover,0,0,100,,100,0,100,
550,NC,NC.B,1,10,NC.B.1.10,Percent.Cover,0,0,100,,100,0,100,
551,NC,NC.B,1,11,NC.B.1.11,Percent.Cover,0,0,100,,100,0,100,
552,NC,NC.B,1,12,NC.B.1.12,Percent.Cover,0,0,100,,100,0,100,
553,NC,NC.B,1,13,NC.B.1.13,Percent.Cover,0,0,100,,100,0,100,
554,NC,NC.B,1,14,NC.B.1.14,Percent.Cover,0,0,100,,100,0,100,
555,NC,NC.B,1,15,NC.B.1.15,Percent.Cover,0,0,100,,100,0,100,
556,NC,NC.B,1,16,NC.B.1.16,Percent.Cover,0,0,100,,100,0,100,
557,NC,NC.B,1,17,NC.B.1.17,Percent.Cover,0,0,100,,100,0,100,
558,NC,NC.B,1,18,NC.B.1.18,Percent.Cover,0,0,100,,100,0,100,
559,NC,NC.B,1,19,NC.B.1.19,Percent.Cover,0,0,100,,100,0,100,
560,NC,NC.B,1,20,NC.B.1.20,Percent.Cover,0,0,100,,100,0,100,
561,NN,NN.A,1,1,NN.A.1.1,Percent.Cover,NA,0,40,,40,0,40,No bare recorded
562,NN,NN.A,1,2,NN.A.1.2,Percent.Cover,NA,0,50,,50,0,50,No bare recorded
563,NN,NN.A,1,3,NN.A.1.3,Percent.Cover,NA,0,80,,80,0,80,No bare recorded
564,NN,NN.A,1,4,NN.A.1.4,Percent.Cover,NA,0,65,,65,0,65,No bare recorded
565,NN,NN.A,1,5,NN.A.1.5,Percent.Cover,NA,0,75,,75,0,75,No bare recorded
566,NN,NN.A,1,6,NN.A.1.6,Percent.Cover,NA,0,45,,45,0,45,No bare recorded
567,NN,NN.A,1,7,NN.A.1.7,Percent.Cover,NA,0,65,,65,0,65,No bare recorded
568,NN,NN.A,1,8,NN.A.1.8,Percent.Cover,NA,0,40,,40,0,40,No bare recorded
569,NN,NN.A,1,9,NN.A.1.9,Percent.Cover,NA,0,42.5,,43,0,43,No bare recorded
570,NN,NN.A,1,10,NN.A.1.10,Percent.Cover,NA,0,40,,40,0,40,No bare recorded
571,NN,NN.A,1,11,NN.A.1.11,Percent.Cover,NA,0,35,,35,0,35,No bare recorded
572,NN,NN.A,1,12,NN.A.1.12,Percent.Cover,NA,0,31,,31,0,31,No bare recorded
573,NN,NN.A,1,13,NN.A.1.13,Percent.Cover,NA,0,37.5,,38,0,38,No bare recorded
574,NN,NN.A,1,14,NN.A.1.14,Percent.Cover,NA,0,27.5,,28,0,28,No bare recorded
575,NN,NN.A,1,15,NN.A.1.15,Percent.Cover,NA,0,35,,35,0,35,No bare recorded
576,NN,NN.A,1,16,NN.A.1.16,Percent.Cover,NA,0,37.5,,38,0,38,No bare recorded
577,NN,NN.A,1,17,NN.A.1.17,Percent.Cover,NA,0,55,,55,0,55,No bare recorded
578,NN,NN.A,1,18,NN.A.1.18,Percent.Cover,NA,0,60,,60,0,60,No bare recorded
579,NN,NN.A,1,19,NN.A.1.19,Percent.Cover,NA,0,50,,50,0,50,No bare recorded
580,NN,NN.A,1,20,NN.A.1.20,Percent.Cover,NA,0,45,,45,0,45,No bare recorded
581,NN,NN.B,1,1,NN.B.1.1,Percent.Cover,NA,0,95,,95,0,95,No bare recorded
582,NN,NN.B,1,2,NN.B.1.2,Percent.Cover,NA,0,90,,90,0,90,No bare recorded
583,NN,NN.B,1,3,NN.B.1.3,Percent.Cover,NA,0,85,,85,0,85,No bare recorded
584,NN,NN.B,1,4,NN.B.1.4,Percent.Cover,NA,0,80,,80,0,80,No bare recorded
585,NN,NN.B,1,5,NN.B.1.5,Percent.Cover,NA,0,75,,75,0,75,No bare recorded
586,NN,NN.B,1,6,NN.B.1.6,Percent.Cover,NA,0,90,,90,0,90,No bare recorded
587,NN,NN.B,1,7,NN.B.1.7,Percent.Cover,NA,0,95,,95,0,95,No bare recorded
588,NN,NN.B,1,8,NN.B.1.8,Percent.Cover,NA,0,89,,89,0,89,No bare recorded
589,NN,NN.B,1,9,NN.B.1.9,Percent.Cover,NA,0,85,,85,0,85,No bare recorded
590,NN,NN.B,1,10,NN.B.1.10,Percent.Cover,NA,0,72.5,,73,0,73,No bare recorded
591,NN,NN.B,1,11,NN.B.1.11,Percent.Cover,NA,0,100,,100,0,100,No bare recorded
592,NN,NN.B,1,12,NN.B.1.12,Percent.Cover,NA,0,95,,95,0,95,No bare recorded
593,NN,NN.B,1,13,NN.B.1.13,Percent.Cover,NA,0,85,,85,0,85,No bare recorded
594,NN,NN.B,1,14,NN.B.1.14,Percent.Cover,NA,0,95,,95,0,95,No bare recorded
595,NN,NN.B,1,15,NN.B.1.15,Percent.Cover,NA,0,95,,95,0,95,No bare recorded
596,NN,NN.B,1,16,NN.B.1.16,Percent.Cover,NA,0,100,,100,0,100,No bare recorded
597,NN,NN.B,1,17,NN.B.1.17,Percent.Cover,NA,0,95,,95,0,95,No bare recorded
598,NN,NN.B,1,18,NN.B.1.18,Percent.Cover,NA,0,95,,95,0,95,No bare recorded
599,NN,NN.B,1,19,NN.B.1.19,Percent.Cover,NA,0,95,,95,0,95,No bare recorded
600,NN,NN.B,1,20,NN.B.1.20,Percent.Cover,NA,0,90,,90,0,90,No bare recorded
601,OR,OR.A,1,1,OR.A.1.1,Percent.Cover,5,0,95,,100,0,95,
602,OR,OR.A,1,2,OR.A.1.2,Percent.Cover,10,0,90,,100,0,90,
603,OR,OR.A,1,3,OR.A.1.3,Percent.Cover,2,0,98,,100,0,98,
604,OR,OR.A,1,4,OR.A.1.4,Percent.Cover,5,0,95,,100,0,95,
605,OR,OR.A,1,5,OR.A.1.5,Percent.Cover,5,0,95,,100,0,95,
606,OR,OR.A,1,6,OR.A.1.6,Percent.Cover,2,0,98,,100,0,98,
607,OR,OR.A,1,7,OR.A.1.7,Percent.Cover,10,0,90,,100,0,90,
608,OR,OR.A,1,8,OR.A.1.8,Percent.Cover,10,0,90,,100,0,90,
609,OR,OR.A,1,9,OR.A.1.9,Percent.Cover,5,0,95,,100,0,95,
610,OR,OR.A,1,10,OR.A.1.10,Percent.Cover,10,0,90,,100,0,90,
611,OR,OR.A,1,11,OR.A.1.11,Percent.Cover,10,0,90,,100,0,90,
612,OR,OR.A,1,12,OR.A.1.12,Percent.Cover,10,0,90,,100,0,90,
613,OR,OR.A,1,13,OR.A.1.13,Percent.Cover,10,0,95,,105,0,90,
614,OR,OR.A,1,14,OR.A.1.14,Percent.Cover,2,0,98,,100,0,98,
615,OR,OR.A,1,15,OR.A.1.15,Percent.Cover,2,0,98,,100,0,98,
616,OR,OR.A,1,16,OR.A.1.16,Percent.Cover,1,1,98,,100,1,98,
617,OR,OR.A,1,17,OR.A.1.17,Percent.Cover,4,1,95,,100,1,95,
618,OR,OR.A,1,18,OR.A.1.18,Percent.Cover,10,0,90,,100,0,90,
619,OR,OR.A,1,19,OR.A.1.19,Percent.Cover,4,1,95,,100,1,95,
620,OR,OR.A,1,20,OR.A.1.20,Percent.Cover,10,0,90,,100,0,90,
621,OR,OR.B,1,1,OR.B.1.1,Percent.Cover,0,120,85,,205,59,41,
622,OR,OR.B,1,2,OR.B.1.2,Percent.Cover,0,125,80,,205,61,39,
623,OR,OR.B,1,3,OR.B.1.3,Percent.Cover,0,87,95,,182,48,52,
624,OR,OR.B,1,4,OR.B.1.4,Percent.Cover,0,125,90,,215,58,42,
625,OR,OR.B,1,5,OR.B.1.5,Percent.Cover,0,100,80,,180,56,44,
626,OR,OR.B,1,6,OR.B.1.6,Percent.Cover,0,42,90,,132,32,68,
627,OR,OR.B,1,7,OR.B.1.7,Percent.Cover,0,45,90,,135,33,67,
628,OR,OR.B,1,8,OR.B.1.8,Percent.Cover,0,30,95,,125,24,76,
629,OR,OR.B,1,9,OR.B.1.9,Percent.Cover,0,65,75,,140,46,54,
630,OR,OR.B,1,10,OR.B.1.10,Percent.Cover,0,60,90,,150,40,60,
631,OR,OR.B,1,11,OR.B.1.11,Percent.Cover,0,77,75,,152,51,49,
632,OR,OR.B,1,12,OR.B.1.12,Percent.Cover,0,45,75,,120,38,63,
633,OR,OR.B,1,13,OR.B.1.13,Percent.Cover,0,20,60,,80,25,75,
634,OR,OR.B,1,14,OR.B.1.14,Percent.Cover,0,45,70,,115,39,61,
635,OR,OR.B,1,15,OR.B.1.15,Percent.Cover,0,60,80,,140,43,57,
636,OR,OR.B,1,16,OR.B.1.16,Percent.Cover,0,50,95,,145,34,66,
637,OR,OR.B,1,17,OR.B.1.17,Percent.Cover,0,55,95,,150,37,63,
638,OR,OR.B,1,18,OR.B.1.18,Percent.Cover,0,15,95,,110,14,86,
639,OR,OR.B,1,19,OR.B.1.19,Percent.Cover,0,50,95,,145,34,66,
640,OR,OR.B,1,20,OR.B.1.20,Percent.Cover,0,40,90,,130,31,69,
641,PO,PO.A,1,1,PO.A.1.1,Percent.Cover,25,25,50,,100,25,50,
642,PO,PO.A,1,2,PO.A.1.2,Percent.Cover,25,60,15,,100,60,15,
643,PO,PO.A,1,3,PO.A.1.3,Percent.Cover,15,50,35,,100,50,35,
644,PO,PO.A,1,4,PO.A.1.4,Percent.Cover,15,60,25,,100,60,25,
645,PO,PO.A,1,5,PO.A.1.5,Percent.Cover,10,50,40,,100,50,40,
646,PO,PO.A,1,6,PO.A.1.6,Percent.Cover,5,75,20,,100,75,20,
647,PO,PO.A,1,7,PO.A.1.7,Percent.Cover,20,65,15,,100,65,15,
648,PO,PO.A,1,8,PO.A.1.8,Percent.Cover,0,80,20,,100,80,20,
649,PO,PO.A,1,9,PO.A.1.9,Percent.Cover,10,70,20,,100,70,20,
650,PO,PO.A,1,10,PO.A.1.10,Percent.Cover,0,60,40,,100,60,40,
651,PO,PO.A,1,11,PO.A.1.11,Percent.Cover,40,30,30,,100,30,30,
652,PO,PO.A,1,12,PO.A.1.12,Percent.Cover,40,20,40,,100,20,40,
653,PO,PO.A,1,13,PO.A.1.13,Percent.Cover,0,75,25,,100,75,25,
654,PO,PO.A,1,14,PO.A.1.14,Percent.Cover,40,20,40,,100,20,40,
655,PO,PO.A,1,15,PO.A.1.15,Percent.Cover,0,50,50,,100,50,50,
656,PO,PO.A,1,16,PO.A.1.16,Percent.Cover,0,75,25,,100,75,25,
657,PO,PO.A,1,17,PO.A.1.17,Percent.Cover,0,75,25,,100,75,25,
658,PO,PO.A,1,18,PO.A.1.18,Percent.Cover,30,40,30,,100,40,30,
659,PO,PO.A,1,19,PO.A.1.19,Percent.Cover,0,30,70,,100,30,70,
660,PO,PO.A,1,20,PO.A.1.20,Percent.Cover,0,70,30,,100,70,30,
661,PO,PO.B,1,1,PO.B.1.1,Percent.Cover,5,70,25,,100,70,25,
662,PO,PO.B,1,2,PO.B.1.2,Percent.Cover,10,45,45,,100,45,45,
663,PO,PO.B,1,3,PO.B.1.3,Percent.Cover,40,20,40,,100,20,40,
664,PO,PO.B,1,4,PO.B.1.4,Percent.Cover,40,5,55,,100,5,55,
665,PO,PO.B,1,5,PO.B.1.5,Percent.Cover,25,15,60,,100,15,60,
666,PO,PO.B,1,6,PO.B.1.6,Percent.Cover,30,15,55,,100,15,55,
667,PO,PO.B,1,7,PO.B.1.7,Percent.Cover,10,40,50,,100,40,50,
668,PO,PO.B,1,8,PO.B.1.8,Percent.Cover,15,30,65,,110,27,59,
669,PO,PO.B,1,9,PO.B.1.9,Percent.Cover,2,15,83,,100,15,83,
670,PO,PO.B,1,10,PO.B.1.10,Percent.Cover,10,10,80,,100,10,80,
671,PO,PO.B,1,11,PO.B.1.11,Percent.Cover,0,60,40,,100,60,40,
672,PO,PO.B,1,12,PO.B.1.12,Percent.Cover,10,60,30,,100,60,30,
673,PO,PO.B,1,13,PO.B.1.13,Percent.Cover,20,50,30,,100,50,30,
674,PO,PO.B,1,14,PO.B.1.14,Percent.Cover,10,20,70,,100,20,70,
675,PO,PO.B,1,15,PO.B.1.15,Percent.Cover,0,80,20,,100,80,20,
676,PO,PO.B,1,16,PO.B.1.16,Percent.Cover,0,60,40,,100,60,40,
677,PO,PO.B,1,17,PO.B.1.17,Percent.Cover,10,40,50,,100,40,50,
678,PO,PO.B,1,18,PO.B.1.18,Percent.Cover,0,50,50,,100,50,50,
679,PO,PO.B,1,19,PO.B.1.19,Percent.Cover,0,20,80,,100,20,80,
680,PO,PO.B,1,20,PO.B.1.20,Percent.Cover,5,50,45,,100,50,45,
681,QU,QU.A,1,1,QU.A.1.1,Percent.Cover,NA,0,53,,53,0,53,No bare recorded
682,QU,QU.A,1,2,QU.A.1.2,Percent.Cover,NA,0,43,,43,0,43,No bare recorded
683,QU,QU.A,1,3,QU.A.1.3,Percent.Cover,NA,0,53,,53,0,53,No bare recorded
684,QU,QU.A,1,4,QU.A.1.4,Percent.Cover,NA,0,43,,43,0,43,No bare recorded
685,QU,QU.A,1,5,QU.A.1.5,Percent.Cover,NA,0,49,,49,0,49,No bare recorded
686,QU,QU.A,1,6,QU.A.1.6,Percent.Cover,NA,0,48,,48,0,48,No bare recorded
687,QU,QU.A,1,7,QU.A.1.7,Percent.Cover,NA,1,46,,47,1,46,No bare recorded
688,QU,QU.A,1,8,QU.A.1.8,Percent.Cover,NA,0,80,,80,0,80,No bare recorded
689,QU,QU.A,1,9,QU.A.1.9,Percent.Cover,NA,0.1,91,,91,0,91,No bare recorded
690,QU,QU.A,1,10,QU.A.1.10,Percent.Cover,NA,0.1,86,,86,0,86,No bare recorded
691,QU,QU.A,1,11,QU.A.1.11,Percent.Cover,NA,9,65,,74,9,65,No bare recorded
692,QU,QU.A,1,12,QU.A.1.12,Percent.Cover,NA,0,61,,61,0,61,No bare recorded
693,QU,QU.A,1,13,QU.A.1.13,Percent.Cover,NA,0,43,,43,0,43,No bare recorded
694,QU,QU.A,1,14,QU.A.1.14,Percent.Cover,NA,0,46,,46,0,46,No bare recorded
695,QU,QU.A,1,15,QU.A.1.15,Percent.Cover,NA,0,74,,74,0,74,No bare recorded
696,QU,QU.A,1,16,QU.A.1.16,Percent.Cover,NA,0.1,75,,75,0,75,No bare recorded
697,QU,QU.A,1,17,QU.A.1.17,Percent.Cover,NA,0,46,,46,0,46,No bare recorded
698,QU,QU.A,1,18,QU.A.1.18,Percent.Cover,NA,0,59,,59,0,59,No bare recorded
699,QU,QU.A,1,19,QU.A.1.19,Percent.Cover,NA,1,66,,67,1,66,No bare recorded
700,QU,QU.A,1,20,QU.A.1.20,Percent.Cover,NA,0,78,,78,0,78,No bare recorded
701,QU,QU.B,1,1,QU.B.1.1,Percent.Cover,NA,0,100,,100,0,100,No bare recorded
702,QU,QU.B,1,2,QU.B.1.2,Percent.Cover,NA,0,81,,81,0,81,No bare recorded
703,QU,QU.B,1,3,QU.B.1.3,Percent.Cover,NA,0,79,,79,0,79,No bare recorded
704,QU,QU.B,1,4,QU.B.1.4,Percent.Cover,NA,0,68,,68,0,68,No bare recorded
705,QU,QU.B,1,5,QU.B.1.5,Percent.Cover,NA,0,75,,75,0,75,No bare recorded
706,QU,QU.B,1,6,QU.B.1.6,Percent.Cover,NA,0,59,,59,0,59,No bare recorded
707,QU,QU.B,1,7,QU.B.1.7,Percent.Cover,NA,0,83,,83,0,83,No bare recorded
708,QU,QU.B,1,8,QU.B.1.8,Percent.Cover,NA,0,58,,58,0,58,No bare recorded
709,QU,QU.B,1,9,QU.B.1.9,Percent.Cover,NA,0,90,,90,0,90,No bare recorded
710,QU,QU.B,1,10,QU.B.1.10,Percent.Cover,NA,8,68,,76,8,68,No bare recorded
711,QU,QU.B,1,11,QU.B.1.11,Percent.Cover,NA,4,88,,92,4,88,No bare recorded
712,QU,QU.B,1,12,QU.B.1.12,Percent.Cover,NA,0,80,,80,0,80,No bare recorded
713,QU,QU.B,1,13,QU.B.1.13,Percent.Cover,NA,0,94,,94,0,94,No bare recorded
714,QU,QU.B,1,14,QU.B.1.14,Percent.Cover,NA,0,84,,84,0,84,No bare recorded
715,QU,QU.B,1,15,QU.B.1.15,Percent.Cover,NA,0,71,,71,0,71,No bare recorded
716,QU,QU.B,1,16,QU.B.1.16,Percent.Cover,NA,0,45,,45,0,45,No bare recorded
717,QU,QU.B,1,17,QU.B.1.17,Percent.Cover,NA,0,85,,85,0,85,No bare recorded
718,QU,QU.B,1,18,QU.B.1.18,Percent.Cover,NA,0,84,,84,0,84,No bare recorded
719,QU,QU.B,1,19,QU.B.1.19,Percent.Cover,NA,0,60,,60,0,60,No bare recorded
720,QU,QU.B,1,20,QU.B.1.20,Percent.Cover,NA,0,45,,45,0,45,No bare recorded
721,RU,RU.A,1,1,RU.A.1.1,Percent.Cover,NA,100,100,,200,100,100,Values correct. No bare recorded
722,RU,RU.A,1,2,RU.A.1.2,Percent.Cover,NA,100,100,,200,100,100,Values correct. No bare recorded
723,RU,RU.A,1,3,RU.A.1.3,Percent.Cover,NA,100,100,,200,100,100,Values correct. No bare recorded
724,RU,RU.A,1,4,RU.A.1.4,Percent.Cover,NA,100,100,,200,100,100,Values correct. No bare recorded
725,RU,RU.A,1,5,RU.A.1.5,Percent.Cover,NA,100,100,,200,100,100,Values correct. No bare recorded
726,RU,RU.A,1,6,RU.A.1.6,Percent.Cover,NA,100,100,,200,100,100,Values correct. No bare recorded
727,RU,RU.A,1,7,RU.A.1.7,Percent.Cover,NA,100,100,,200,100,100,Values correct. No bare recorded
728,RU,RU.A,1,8,RU.A.1.8,Percent.Cover,NA,100,100,,200,100,100,Values correct. No bare recorded
729,RU,RU.A,1,9,RU.A.1.9,Percent.Cover,NA,100,100,,200,100,100,Values correct. No bare recorded
730,RU,RU.A,1,10,RU.A.1.10,Percent.Cover,NA,100,100,,200,100,100,Values correct. No bare recorded
731,RU,RU.A,1,11,RU.A.1.11,Percent.Cover,NA,100,100,,200,100,100,Values correct. No bare recorded
732,RU,RU.A,1,12,RU.A.1.12,Percent.Cover,NA,100,100,,200,100,100,Values correct. No bare recorded
733,RU,RU.A,1,13,RU.A.1.13,Percent.Cover,NA,100,100,,200,100,100,Values correct. No bare recorded
734,RU,RU.A,1,14,RU.A.1.14,Percent.Cover,NA,100,100,,200,100,100,Values correct. No bare recorded
735,RU,RU.A,1,15,RU.A.1.15,Percent.Cover,NA,100,100,,200,100,100,Values correct. No bare recorded
736,RU,RU.A,1,16,RU.A.1.16,Percent.Cover,NA,100,100,,200,100,100,Values correct. No bare recorded
737,RU,RU.A,1,17,RU.A.1.17,Percent.Cover,NA,100,100,,200,100,100,Values correct. No bare recorded
738,RU,RU.A,1,18,RU.A.1.18,Percent.Cover,NA,100,100,,200,100,100,Values correct. No bare recorded
739,RU,RU.A,1,19,RU.A.1.19,Percent.Cover,NA,100,100,,200,100,100,Values correct. No bare recorded
740,RU,RU.A,1,20,RU.A.1.20,Percent.Cover,NA,100,100,,200,100,100,Values correct. No bare recorded
741,RU,RU.B,1,1,RU.B.1.1,Percent.Cover,NA,40,60,,100,40,60,Values correct. No bare recorded
742,RU,RU.B,1,2,RU.B.1.2,Percent.Cover,NA,45,80,,125,45,80,Values correct. No bare recorded
743,RU,RU.B,1,3,RU.B.1.3,Percent.Cover,NA,70,85,,155,70,85,Values correct. No bare recorded
744,RU,RU.B,1,4,RU.B.1.4,Percent.Cover,NA,60,90,,150,60,90,Values correct. No bare recorded
745,RU,RU.B,1,5,RU.B.1.5,Percent.Cover,NA,70,90,,160,70,90,Values correct. No bare recorded
746,RU,RU.B,1,6,RU.B.1.6,Percent.Cover,NA,80,75,,155,80,75,Values correct. No bare recorded
747,RU,RU.B,1,7,RU.B.1.7,Percent.Cover,NA,50,70,,120,50,70,Values correct. No bare recorded
748,RU,RU.B,1,8,RU.B.1.8,Percent.Cover,NA,60,50,,110,60,50,Values correct. No bare recorded
749,RU,RU.B,1,9,RU.B.1.9,Percent.Cover,NA,65,45,,110,65,45,Values correct. No bare recorded
750,RU,RU.B,1,10,RU.B.1.10,Percent.Cover,NA,60,60,,120,60,60,Values correct. No bare recorded
751,RU,RU.B,1,11,RU.B.1.11,Percent.Cover,NA,40,100,,140,40,100,Values correct. No bare recorded
752,RU,RU.B,1,12,RU.B.1.12,Percent.Cover,NA,25,85,,110,25,85,Values correct. No bare recorded
753,RU,RU.B,1,13,RU.B.1.13,Percent.Cover,NA,10,100,,110,10,100,Values correct. No bare recorded
754,RU,RU.B,1,14,RU.B.1.14,Percent.Cover,NA,20,100,,120,20,100,Values correct. No bare recorded
755,RU,RU.B,1,15,RU.B.1.15,Percent.Cover,NA,25,95,,120,25,95,Values correct. No bare recorded
756,RU,RU.B,1,16,RU.B.1.16,Percent.Cover,NA,80,80,,160,80,80,Values correct. No bare recorded
757,RU,RU.B,1,17,RU.B.1.17,Percent.Cover,NA,70,95,,165,70,95,Values correct. No bare recorded
758,RU,RU.B,1,18,RU.B.1.18,Percent.Cover,NA,60,95,,155,60,95,Values correct. No bare recorded
759,RU,RU.B,1,19,RU.B.1.19,Percent.Cover,NA,50,100,,150,50,100,Values correct. No bare recorded
760,RU,RU.B,1,20,RU.B.1.20,Percent.Cover,NA,50,100,,150,50,100,Values correct. No bare recorded
761,SD,SD.A,1,1,SD.A.1.1,Percent.Cover,0,0,100,,100,0,100,
762,SD,SD.A,1,2,SD.A.1.2,Percent.Cover,0,0,100,,100,0,100,
763,SD,SD.A,1,3,SD.A.1.3,Percent.Cover,0,0,100,,100,0,100,
764,SD,SD.A,1,4,SD.A.1.4,Percent.Cover,0,0,100,,100,0,100,
765,SD,SD.A,1,5,SD.A.1.5,Percent.Cover,0,0,100,,100,0,100,
766,SD,SD.A,1,6,SD.A.1.6,Percent.Cover,0,0,100,,100,0,100,
767,SD,SD.A,1,7,SD.A.1.7,Percent.Cover,0,0,100,,100,0,100,
768,SD,SD.A,1,8,SD.A.1.8,Percent.Cover,0,0,100,,100,0,100,
769,SD,SD.A,1,9,SD.A.1.9,Percent.Cover,0,0,100,,100,0,100,
770,SD,SD.A,1,10,SD.A.1.10,Percent.Cover,0,0,100,,100,0,100,
771,SD,SD.A,1,11,SD.A.1.11,Percent.Cover,0,0,100,,100,0,100,
772,SD,SD.A,1,12,SD.A.1.12,Percent.Cover,0,0,100,,100,0,100,
773,SD,SD.A,1,13,SD.A.1.13,Percent.Cover,0,0,100,,100,0,100,
774,SD,SD.A,1,14,SD.A.1.14,Percent.Cover,0,0,100,,100,0,100,
775,SD,SD.A,1,15,SD.A.1.15,Percent.Cover,0,0,100,,100,0,100,
776,SD,SD.A,1,16,SD.A.1.16,Percent.Cover,0,0,100,,100,0,100,
777,SD,SD.A,1,17,SD.A.1.17,Percent.Cover,5,0,95,,100,0,95,
778,SD,SD.A,1,18,SD.A.1.18,Percent.Cover,50,0,50,,100,0,50,
779,SD,SD.A,1,19,SD.A.1.19,Percent.Cover,5,0,95,,100,0,95,
780,SD,SD.A,1,20,SD.A.1.20,Percent.Cover,0,0,100,,100,0,100,
781,SD,SD.B,1,1,SD.B.1.1,Percent.Cover,0,0,100,,100,0,100,
782,SD,SD.B,1,2,SD.B.1.2,Percent.Cover,0,0,100,,100,0,100,
783,SD,SD.B,1,3,SD.B.1.3,Percent.Cover,0,0,100,,100,0,100,
784,SD,SD.B,1,4,SD.B.1.4,Percent.Cover,0,0,100,,100,0,100,
785,SD,SD.B,1,5,SD.B.1.5,Percent.Cover,0,0,100,,100,0,100,
786,SD,SD.B,1,6,SD.B.1.6,Percent.Cover,0,0,100,,100,0,100,
787,SD,SD.B,1,7,SD.B.1.7,Percent.Cover,0,0,100,,100,0,100,
788,SD,SD.B,1,8,SD.B.1.8,Percent.Cover,0,0,100,,100,0,100,
789,SD,SD.B,1,9,SD.B.1.9,Percent.Cover,0,0,100,,100,0,100,
790,SD,SD.B,1,10,SD.B.1.10,Percent.Cover,0,0,100,,100,0,100,
791,SD,SD.B,1,11,SD.B.1.11,Percent.Cover,0,2,100,,102,2,98,
792,SD,SD.B,1,12,SD.B.1.12,Percent.Cover,0,5,100,,105,5,95,
793,SD,SD.B,1,13,SD.B.1.13,Percent.Cover,0,3,100,,103,3,97,
794,SD,SD.B,1,14,SD.B.1.14,Percent.Cover,0,3,100,,103,3,97,
795,SD,SD.B,1,15,SD.B.1.15,Percent.Cover,0,5,100,,105,5,95,
796,SD,SD.B,1,16,SD.B.1.16,Percent.Cover,0,5,100,,105,5,95,
797,SD,SD.B,1,17,SD.B.1.17,Percent.Cover,0,5,100,,105,5,95,
798,SD,SD.B,1,18,SD.B.1.18,Percent.Cover,0,5,100,,105,5,95,
799,SD,SD.B,1,19,SD.B.1.19,Percent.Cover,0,7,100,,107,7,93,
800,SD,SD.B,1,20,SD.B.1.20,Percent.Cover,0,10,100,,110,9,91,
801,SF,SF.A,1,1,SF.A.1.1,Percent.Cover,20,0,80,,100,0,80,
802,SF,SF.A,1,2,SF.A.1.2,Percent.Cover,10,0,90,,100,0,90,
803,SF,SF.A,1,3,SF.A.1.3,Percent.Cover,70,0,30,,100,0,30,
804,SF,SF.A,1,4,SF.A.1.4,Percent.Cover,40,0,60,,100,0,60,
805,SF,SF.A,1,5,SF.A.1.5,Percent.Cover,50,0,50,,100,0,50,
806,SF,SF.A,1,6,SF.A.1.6,Percent.Cover,75,0,25,,100,0,25,
807,SF,SF.A,1,7,SF.A.1.7,Percent.Cover,10,0,90,,100,0,90,
808,SF,SF.A,1,8,SF.A.1.8,Percent.Cover,10,0,90,,100,0,90,
809,SF,SF.A,1,9,SF.A.1.9,Percent.Cover,70,0,30,,100,0,30,
810,SF,SF.A,1,10,SF.A.1.10,Percent.Cover,5,0,95,,100,0,95,
811,SF,SF.A,1,11,SF.A.1.11,Percent.Cover,85,0,15,,100,0,15,
812,SF,SF.A,1,12,SF.A.1.12,Percent.Cover,20,0,80,,100,0,80,
813,SF,SF.A,1,13,SF.A.1.13,Percent.Cover,10,0,90,,100,0,90,
814,SF,SF.A,1,14,SF.A.1.14,Percent.Cover,20,0,80,,100,0,80,
815,SF,SF.A,1,15,SF.A.1.15,Percent.Cover,70,0,30,,100,0,30,
816,SF,SF.A,1,16,SF.A.1.16,Percent.Cover,30,0,70,,100,0,70,
817,SF,SF.A,1,17,SF.A.1.17,Percent.Cover,60,0,40,,100,0,40,
818,SF,SF.A,1,18,SF.A.1.18,Percent.Cover,20,0,80,,100,0,80,
819,SF,SF.A,1,19,SF.A.1.19,Percent.Cover,15,0,85,,100,0,85,
820,SF,SF.A,1,20,SF.A.1.20,Percent.Cover,70,0,30,,100,0,30,
821,SF,SF.B,1,1,SF.B.1.1,Percent.Cover,20,0,80,,100,0,80,
822,SF,SF.B,1,2,SF.B.1.2,Percent.Cover,10,0,90,,100,0,90,
823,SF,SF.B,1,3,SF.B.1.3,Percent.Cover,25,0,75,,100,0,75,
824,SF,SF.B,1,4,SF.B.1.4,Percent.Cover,40,0,60,,100,0,60,
825,SF,SF.B,1,5,SF.B.1.5,Percent.Cover,30,0,70,,100,0,70,
826,SF,SF.B,1,6,SF.B.1.6,Percent.Cover,50,0,50,,100,0,50,
827,SF,SF.B,1,7,SF.B.1.7,Percent.Cover,10,0,90,,100,0,90,
828,SF,SF.B,1,8,SF.B.1.8,Percent.Cover,60,0,40,,100,0,40,
829,SF,SF.B,1,9,SF.B.1.9,Percent.Cover,20,0,80,,100,0,80,
830,SF,SF.B,1,10,SF.B.1.10,Percent.Cover,70,0,30,,100,0,30,
831,SF,SF.B,1,11,SF.B.1.11,Percent.Cover,30,0,70,,100,0,70,
832,SF,SF.B,1,12,SF.B.1.12,Percent.Cover,60,0,40,,100,0,40,
833,SF,SF.B,1,13,SF.B.1.13,Percent.Cover,50,0,50,,100,0,50,
834,SF,SF.B,1,14,SF.B.1.14,Percent.Cover,80,0,20,,100,0,20,
835,SF,SF.B,1,15,SF.B.1.15,Percent.Cover,40,0,60,,100,0,60,
836,SF,SF.B,1,16,SF.B.1.16,Percent.Cover,80,0,20,,100,0,20,
837,SF,SF.B,1,17,SF.B.1.17,Percent.Cover,20,0,80,,100,0,80,
838,SF,SF.B,1,18,SF.B.1.18,Percent.Cover,65,5,30,,100,5,30,
839,SF,SF.B,1,19,SF.B.1.19,Percent.Cover,50,0,50,,100,0,50,
840,SF,SF.B,1,20,SF.B.1.20,Percent.Cover,10,0,90,,100,0,90,
841,SW,SW.A,1,1,SW.A.1.1,Percent.Cover,NA,5,80,,85,6,94,No bare recorded
842,SW,SW.A,1,2,SW.A.1.2,Percent.Cover,NA,1,60,,61,2,98,No bare recorded
843,SW,SW.A,1,3,SW.A.1.3,Percent.Cover,NA,5,90,,95,5,95,No bare recorded
844,SW,SW.A,1,4,SW.A.1.4,Percent.Cover,NA,1,80,,81,1,99,No bare recorded
845,SW,SW.A,1,5,SW.A.1.5,Percent.Cover,NA,0,90,,90,0,100,No bare recorded
846,SW,SW.A,1,6,SW.A.1.6,Percent.Cover,NA,1,80,,81,1,99,No bare recorded
847,SW,SW.A,1,7,SW.A.1.7,Percent.Cover,NA,5,90,,95,5,95,No bare recorded
848,SW,SW.A,1,8,SW.A.1.8,Percent.Cover,NA,0,90,,90,0,100,No bare recorded
849,SW,SW.A,1,9,SW.A.1.9,Percent.Cover,NA,1,90,,91,1,99,No bare recorded
850,SW,SW.A,1,10,SW.A.1.10,Percent.Cover,NA,0,75,,75,0,100,No bare recorded
851,SW,SW.A,1,11,SW.A.1.11,Percent.Cover,NA,10,70,,80,13,88,No bare recorded
852,SW,SW.A,1,12,SW.A.1.12,Percent.Cover,NA,5,80,,85,6,94,No bare recorded
853,SW,SW.A,1,13,SW.A.1.13,Percent.Cover,NA,5,70,,75,7,93,No bare recorded
854,SW,SW.A,1,14,SW.A.1.14,Percent.Cover,NA,5,80,,85,6,94,No bare recorded
855,SW,SW.A,1,15,SW.A.1.15,Percent.Cover,NA,5,70,,75,7,93,No bare recorded
856,SW,SW.A,1,16,SW.A.1.16,Percent.Cover,NA,10,60,,70,14,86,No bare recorded
857,SW,SW.A,1,17,SW.A.1.17,Percent.Cover,NA,5,80,,85,6,94,No bare recorded
858,SW,SW.A,1,18,SW.A.1.18,Percent.Cover,NA,5,80,,85,6,94,No bare recorded
859,SW,SW.A,1,19,SW.A.1.19,Percent.Cover,NA,20,80,,100,20,80,No bare recorded
860,SW,SW.A,1,20,SW.A.1.20,Percent.Cover,NA,0,60,,60,0,100,No bare recorded
861,SW,SW.B,1,1,SW.B.1.1,Percent.Cover,NA,35,60,,95,37,63,No bare recorded
862,SW,SW.B,1,2,SW.B.1.2,Percent.Cover,NA,60,50,,110,55,45,No bare recorded
863,SW,SW.B,1,3,SW.B.1.3,Percent.Cover,NA,50,50,,100,50,50,No bare recorded
864,SW,SW.B,1,4,SW.B.1.4,Percent.Cover,NA,70,50,,120,58,42,No bare recorded
865,SW,SW.B,1,5,SW.B.1.5,Percent.Cover,NA,40,40,,80,50,50,No bare recorded
866,SW,SW.B,1,6,SW.B.1.6,Percent.Cover,NA,50,50,,100,50,50,No bare recorded
867,SW,SW.B,1,7,SW.B.1.7,Percent.Cover,NA,80,60,,140,57,43,No bare recorded
868,SW,SW.B,1,8,SW.B.1.8,Percent.Cover,NA,50,50,,100,50,50,No bare recorded
869,SW,SW.B,1,9,SW.B.1.9,Percent.Cover,NA,70,60,,130,54,46,No bare recorded
870,SW,SW.B,1,10,SW.B.1.10,Percent.Cover,NA,50,70,,120,42,58,No bare recorded
871,SW,SW.B,1,11,SW.B.1.11,Percent.Cover,NA,56,70,,126,44,56,No bare recorded
872,SW,SW.B,1,12,SW.B.1.12,Percent.Cover,NA,56,60,,116,48,52,No bare recorded
873,SW,SW.B,1,13,SW.B.1.13,Percent.Cover,NA,60,60,,120,50,50,No bare recorded
874,SW,SW.B,1,14,SW.B.1.14,Percent.Cover,NA,50,50,,100,50,50,No bare recorded
875,SW,SW.B,1,15,SW.B.1.15,Percent.Cover,NA,45,60,,105,43,57,No bare recorded
876,SW,SW.B,1,16,SW.B.1.16,Percent.Cover,NA,55,60,,115,48,52,No bare recorded
877,SW,SW.B,1,17,SW.B.1.17,Percent.Cover,NA,65,50,,115,57,43,No bare recorded
878,SW,SW.B,1,18,SW.B.1.18,Percent.Cover,NA,50,70,,120,42,58,No bare recorded
879,SW,SW.B,1,19,SW.B.1.19,Percent.Cover,NA,85,60,,145,59,41,No bare recorded
880,SW,SW.B,1,20,SW.B.1.20,Percent.Cover,NA,40,70,,110,36,64,No bare recorded
881,UK,UK.A,1,1,UK.A.1.1,Percent.Cover,10,0,47,,57,0,82,
882,UK,UK.A,1,2,UK.A.1.2,Percent.Cover,12,0,40,,52,0,77,
883,UK,UK.A,1,3,UK.A.1.3,Percent.Cover,4,0,65,,69,0,94,
884,UK,UK.A,1,4,UK.A.1.4,Percent.Cover,3,0,70,,73,0,96,
885,UK,UK.A,1,5,UK.A.1.5,Percent.Cover,1,0,80,,81,0,99,
886,UK,UK.A,1,6,UK.A.1.6,Percent.Cover,7,0,85,,92,0,92,
887,UK,UK.A,1,7,UK.A.1.7,Percent.Cover,12,0,50,,62,0,81,
888,UK,UK.A,1,8,UK.A.1.8,Percent.Cover,20,0,42,,62,0,68,
889,UK,UK.A,1,9,UK.A.1.9,Percent.Cover,4,0,85,,89,0,96,
890,UK,UK.A,1,10,UK.A.1.10,Percent.Cover,2,0,82,,84,0,98,
891,UK,UK.A,1,11,UK.A.1.11,Percent.Cover,60,0,35,,95,0,37,
892,UK,UK.A,1,12,UK.A.1.12,Percent.Cover,43,0,55,,98,0,56,
893,UK,UK.A,1,13,UK.A.1.13,Percent.Cover,23,0,60,,83,0,72,
894,UK,UK.A,1,14,UK.A.1.14,Percent.Cover,55,0,27,,82,0,33,
895,UK,UK.A,1,15,UK.A.1.15,Percent.Cover,2,0,65,,67,0,97,
896,UK,UK.A,1,16,UK.A.1.16,Percent.Cover,65,0,25,,90,0,28,
897,UK,UK.A,1,17,UK.A.1.17,Percent.Cover,75,0,20,,95,0,21,
898,UK,UK.A,1,18,UK.A.1.18,Percent.Cover,22,0,60,,82,0,73,
899,UK,UK.A,1,19,UK.A.1.19,Percent.Cover,20,0,60,,80,0,75,
900,UK,UK.A,1,20,UK.A.1.20,Percent.Cover,7,0,75,,82,0,91,
901,UK,UK.B,1,1,UK.B.1.1,Percent.Cover,35,0,32,,67,0,48,
902,UK,UK.B,1,2,UK.B.1.2,Percent.Cover,80,0,5,,85,0,6,
903,UK,UK.B,1,3,UK.B.1.3,Percent.Cover,30,0,38,,68,0,56,
904,UK,UK.B,1,4,UK.B.1.4,Percent.Cover,35,0,45,,80,0,56,
905,UK,UK.B,1,5,UK.B.1.5,Percent.Cover,60,0,13,,73,0,18,
906,UK,UK.B,1,6,UK.B.1.6,Percent.Cover,55,0,7,,62,0,11,
907,UK,UK.B,1,7,UK.B.1.7,Percent.Cover,50,0,45,,95,0,47,
908,UK,UK.B,1,8,UK.B.1.8,Percent.Cover,10,0,31,,41,0,76,
909,UK,UK.B,1,9,UK.B.1.9,Percent.Cover,15,0,41,,56,0,73,
910,UK,UK.B,1,10,UK.B.1.10,Percent.Cover,20,0,27,,47,0,57,
911,UK,UK.B,1,11,UK.B.1.11,Percent.Cover,75,0,14,,89,0,16,
912,UK,UK.B,1,12,UK.B.1.12,Percent.Cover,55,0,31,,86,0,36,
913,UK,UK.B,1,13,UK.B.1.13,Percent.Cover,15,0,40,,55,0,73,
914,UK,UK.B,1,14,UK.B.1.14,Percent.Cover,40,0,25,,65,0,38,
915,UK,UK.B,1,15,UK.B.1.15,Percent.Cover,55,0,24,,79,0,30,
916,UK,UK.B,1,16,UK.B.1.16,Percent.Cover,65,0,27,,92,0,29,
917,UK,UK.B,1,17,UK.B.1.17,Percent.Cover,20,0,45,,65,0,69,
918,UK,UK.B,1,18,UK.B.1.18,Percent.Cover,10,0,61,,71,0,86,
919,UK,UK.B,1,19,UK.B.1.19,Percent.Cover,20,0,65,,85,0,76,
920,UK,UK.B,1,20,UK.B.1.20,Percent.Cover,15,0,55,,70,0,79,
921,VA,VA.A,1,1,VA.A.1.1,Percent.Cover,NA,10,100,,110,10,100,No bare recorded
922,VA,VA.A,1,2,VA.A.1.2,Percent.Cover,NA,0,100,,100,0,100,No bare recorded
923,VA,VA.A,1,3,VA.A.1.3,Percent.Cover,NA,0,100,,100,0,100,No bare recorded
924,VA,VA.A,1,4,VA.A.1.4,Percent.Cover,NA,10,100,,110,10,100,No bare recorded
925,VA,VA.A,1,5,VA.A.1.5,Percent.Cover,NA,0,100,,100,0,100,No bare recorded
926,VA,VA.A,1,6,VA.A.1.6,Percent.Cover,NA,0,95,,95,0,95,No bare recorded
927,VA,VA.A,1,7,VA.A.1.7,Percent.Cover,NA,0,100,,100,0,100,No bare recorded
928,VA,VA.A,1,8,VA.A.1.8,Percent.Cover,NA,0,100,,100,0,100,No bare recorded
929,VA,VA.A,1,9,VA.A.1.9,Percent.Cover,NA,0,100,,100,0,100,No bare recorded
930,VA,VA.A,1,10,VA.A.1.10,Percent.Cover,NA,0,100,,100,0,100,No bare recorded
931,VA,VA.A,1,11,VA.A.1.11,Percent.Cover,NA,0,100,,100,0,100,No bare recorded
932,VA,VA.A,1,12,VA.A.1.12,Percent.Cover,NA,0,100,,100,0,100,No bare recorded
933,VA,VA.A,1,13,VA.A.1.13,Percent.Cover,NA,0,100,,100,0,100,No bare recorded
934,VA,VA.A,1,14,VA.A.1.14,Percent.Cover,NA,10,100,,110,10,100,No bare recorded
935,VA,VA.A,1,15,VA.A.1.15,Percent.Cover,NA,0,100,,100,0,100,No bare recorded
936,VA,VA.A,1,16,VA.A.1.16,Percent.Cover,NA,0,100,,100,0,100,No bare recorded
937,VA,VA.A,1,17,VA.A.1.17,Percent.Cover,NA,0,100,,100,0,100,No bare recorded
938,VA,VA.A,1,18,VA.A.1.18,Percent.Cover,NA,0,100,,100,0,100,No bare recorded
939,VA,VA.A,1,19,VA.A.1.19,Percent.Cover,NA,0,100,,100,0,100,No bare recorded
940,VA,VA.A,1,20,VA.A.1.20,Percent.Cover,NA,10,100,,110,10,100,No bare recorded
941,VA,VA.B,1,1,VA.B.1.1,Percent.Cover,NA,0,100,,100,0,100,No bare recorded
942,VA,VA.B,1,2,VA.B.1.2,Percent.Cover,NA,0,100,,100,0,100,No bare recorded
943,VA,VA.B,1,3,VA.B.1.3,Percent.Cover,NA,0,100,,100,0,100,No bare recorded
944,VA,VA.B,1,4,VA.B.1.4,Percent.Cover,NA,0,100,,100,0,100,No bare recorded
945,VA,VA.B,1,5,VA.B.1.5,Percent.Cover,NA,0,100,,100,0,100,No bare recorded
946,VA,VA.B,1,6,VA.B.1.6,Percent.Cover,NA,0,100,,100,0,100,No bare recorded
947,VA,VA.B,1,7,VA.B.1.7,Percent.Cover,NA,0,100,,100,0,100,No bare recorded
948,VA,VA.B,1,8,VA.B.1.8,Percent.Cover,NA,0,100,,100,0,100,No bare recorded
949,VA,VA.B,1,9,VA.B.1.9,Percent.Cover,NA,0,100,,100,0,100,No bare recorded
950,VA,VA.B,1,10,VA.B.1.10,Percent.Cover,NA,0,100,,100,0,100,No bare recorded
951,VA,VA.B,1,11,VA.B.1.11,Percent.Cover,NA,0,100,,100,0,100,No bare recorded
952,VA,VA.B,1,12,VA.B.1.12,Percent.Cover,NA,0,100,,100,0,100,No bare recorded
953,VA,VA.B,1,13,VA.B.1.13,Percent.Cover,NA,0,100,,100,0,100,No bare recorded
954,VA,VA.B,1,14,VA.B.1.14,Percent.Cover,NA,0,100,,100,0,100,No bare recorded
955,VA,VA.B,1,15,VA.B.1.15,Percent.Cover,NA,0,100,,100,0,100,No bare recorded
956,VA,VA.B,1,16,VA.B.1.16,Percent.Cover,NA,0,100,,100,0,100,No bare recorded
957,VA,VA.B,1,17,VA.B.1.17,Percent.Cover,NA,0,100,,100,0,100,No bare recorded
958,VA,VA.B,1,18,VA.B.1.18,Percent.Cover,NA,0,100,,100,0,100,No bare recorded
959,VA,VA.B,1,19,VA.B.1.19,Percent.Cover,NA,0,100,,100,0,100,No bare recorded
960,VA,VA.B,1,20,VA.B.1.20,Percent.Cover,NA,0,100,,100,0,100,No bare recorded
961,WA,WA.A,1,1,WA.A.1.1,Percent.Cover,NA,NA,NA,,NA,NA,NA,"No data, tide too high"
962,WA,WA.A,1,2,WA.A.1.2,Percent.Cover,NA,NA,NA,,NA,NA,NA,"No data, tide too high"
963,WA,WA.A,1,3,WA.A.1.3,Percent.Cover,NA,NA,NA,,NA,NA,NA,"No data, tide too high"
964,WA,WA.A,1,4,WA.A.1.4,Percent.Cover,NA,NA,NA,,NA,NA,NA,"No data, tide too high"
965,WA,WA.A,1,5,WA.A.1.5,Percent.Cover,NA,NA,NA,,NA,NA,NA,"No data, tide too high"
966,WA,WA.A,1,6,WA.A.1.6,Percent.Cover,NA,NA,NA,,NA,NA,NA,"No data, tide too high"
967,WA,WA.A,1,7,WA.A.1.7,Percent.Cover,NA,NA,NA,,NA,NA,NA,"No data, tide too high"
968,WA,WA.A,1,8,WA.A.1.8,Percent.Cover,NA,NA,NA,,NA,NA,NA,"No data, tide too high"
969,WA,WA.A,1,9,WA.A.1.9,Percent.Cover,NA,NA,NA,,NA,NA,NA,"No data, tide too high"
970,WA,WA.A,1,10,WA.A.1.10,Percent.Cover,NA,NA,NA,,NA,NA,NA,"No data, tide too high"
971,WA,WA.A,1,11,WA.A.1.11,Percent.Cover,NA,NA,NA,,NA,NA,NA,"No data, tide too high"
972,WA,WA.A,1,12,WA.A.1.12,Percent.Cover,NA,NA,NA,,NA,NA,NA,"No data, tide too high"
973,WA,WA.A,1,13,WA.A.1.13,Percent.Cover,NA,NA,NA,,NA,NA,NA,"No data, tide too high"
974,WA,WA.A,1,14,WA.A.1.14,Percent.Cover,NA,NA,NA,,NA,NA,NA,"No data, tide too high"
975,WA,WA.A,1,15,WA.A.1.15,Percent.Cover,NA,NA,NA,,NA,NA,NA,"No data, tide too high"
976,WA,WA.A,1,16,WA.A.1.16,Percent.Cover,NA,NA,NA,,NA,NA,NA,"No data, tide too high"
977,WA,WA.A,1,17,WA.A.1.17,Percent.Cover,NA,NA,NA,,NA,NA,NA,"No data, tide too high"
978,WA,WA.A,1,18,WA.A.1.18,Percent.Cover,NA,NA,NA,,NA,NA,NA,"No data, tide too high"
979,WA,WA.A,1,19,WA.A.1.19,Percent.Cover,NA,NA,NA,,NA,NA,NA,"No data, tide too high"
980,WA,WA.A,1,20,WA.A.1.20,Percent.Cover,NA,NA,NA,NA,NA,NA,NA,"No data, tide too high"
981,WA,WA.B,1,1,WA.B.1.1,Percent.Cover,10,1,90,,101,1,89,
982,WA,WA.B,1,2,WA.B.1.2,Percent.Cover,5,0.5,95,,101,0,95,
983,WA,WA.B,1,3,WA.B.1.3,Percent.Cover,20,2,80,,102,2,78,
984,WA,WA.B,1,4,WA.B.1.4,Percent.Cover,40,2,60,,102,2,59,
985,WA,WA.B,1,5,WA.B.1.5,Percent.Cover,40,10,60,,110,9,55,
986,WA,WA.B,1,6,WA.B.1.6,Percent.Cover,5,2,95,,102,2,93,
987,WA,WA.B,1,7,WA.B.1.7,Percent.Cover,20,2,80,,102,2,78,
988,WA,WA.B,1,8,WA.B.1.8,Percent.Cover,10,3.5,90,,104,3,87,
989,WA,WA.B,1,9,WA.B.1.9,Percent.Cover,10,1.5,90,,102,1,89,
990,WA,WA.B,1,10,WA.B.1.10,Percent.Cover,20,0.5,80,,101,0,80,
991,WA,WA.B,1,11,WA.B.1.11,Percent.Cover,10,2,90,,102,2,88,
992,WA,WA.B,1,12,WA.B.1.12,Percent.Cover,40,1,60,,101,1,59,
993,WA,WA.B,1,13,WA.B.1.13,Percent.Cover,5,1,95,,101,1,94,
994,WA,WA.B,1,14,WA.B.1.14,Percent.Cover,10,2,90,,102,2,88,
995,WA,WA.B,1,15,WA.B.1.15,Percent.Cover,20,5,80,,105,5,76,
996,WA,WA.B,1,16,WA.B.1.16,Percent.Cover,30,3,70,,103,3,68,
997,WA,WA.B,1,17,WA.B.1.17,Percent.Cover,10,2,90,,102,2,88,
998,WA,WA.B,1,18,WA.B.1.18,Percent.Cover,40,1,60,,101,1,59,
999,WA,WA.B,1,19,WA.B.1.19,Percent.Cover,5,1,95,,101,1,94,
1000,WA,WA.B,1,20,WA.B.1.20,Percent.Cover,20,0.5,80,,101,0,80,
